Iteration,No of Clients,Total Requests,Hop Reduction,Cache Hit Ratio,Latency,Feedback Score
0,8,3,0.7,0.0,0.015587828456884327,0
1,7,5,0.75,0.0,0.008880856546143892,0
2,8,9,0.6999999999999998,0.0,0.006341431874470598,0
3,8,13,0.6999999999999998,0.0,0.0060230781562887106,0
4,8,17,0.6999999999999998,0.0,0.0026188005794721986,0
5,8,19,0.6999999999999998,0.0,0.0009445449586867557,0
6,7,22,0.6999999999999998,0.0,0.0013957981973519685,0
7,8,24,0.7249999999999999,0.0,0.0005352075507989316,0
8,8,28,0.7,0.0,0.002493938220773859,0
9,5,32,0.6833333333333332,0.0,0.0017733779006213703,0
10,8,35,0.6857142857142857,2.857142857142857,0.0019504041054197883,0
11,7,37,0.6857142857142857,2.7027027027027026,0.0019818097837891583,0
12,7,39,0.6857142857142857,2.564102564102564,0.0022761006152681846,0
13,8,42,0.6857142857142857,2.380952380952381,0.0007110615781910101,0
14,8,44,0.6857142857142857,2.272727272727273,0.0007046160917585934,0
15,6,47,0.6857142857142857,2.127659574468085,0.0015801643332109783,0
16,7,51,0.6857142857142857,1.9607843137254901,0.0013422691826430267,0
17,8,53,0.6857142857142857,1.8867924528301887,0.0017495946493202527,0
18,8,56,0.6857142857142857,1.7857142857142856,0.0013282894360208085,0
19,5,58,0.6857142857142857,1.7241379310344827,0.00021837252010300118,0
20,8,61,0.6857142857142857,1.639344262295082,0.0006205467682038968,0
21,7,64,0.6857142857142857,1.5625,0.00035762655651827644,0
22,6,68,0.6857142857142857,1.4705882352941175,0.0009583450502903601,0
23,7,71,0.6857142857142857,2.8169014084507045,0.0003534083578172381,0
24,8,75,0.6857142857142857,2.666666666666667,0.0005545742503595796,0
25,6,77,0.6857142857142857,2.5974025974025974,0.0006379167104862876,0
26,8,81,0.6857142857142857,3.7037037037037033,0.0004136150418667001,0
27,8,84,0.6857142857142857,3.571428571428571,0.0011715157097851358,0
28,8,88,0.6857142857142857,3.4090909090909087,0.00034539754946449707,0
29,6,91,0.6875,3.296703296703297,0.000715891601330289,0
30,8,94,0.6875,3.1914893617021276,0.0008409398897118085,0
31,7,96,0.6875,3.125,0.0005815520003537835,0
32,8,98,0.6875,3.061224489795918,0.0007083078968820479,0
33,8,100,0.6875,3.0,0.0006728116150711372,0
34,8,103,0.6875,2.912621359223301,0.0007315682179378197,0
35,5,105,0.6875,2.857142857142857,0.00036015000693159706,0
36,8,108,0.6875,2.7777777777777777,0.0001941816718086554,0
37,8,110,0.6875,2.727272727272727,0.00032828696153999466,0
38,7,113,0.6875,2.6548672566371683,0.0005887006758849698,0
39,7,117,0.6875,2.564102564102564,0.0007640028895943877,0
40,7,121,0.6875,2.479338842975207,0.0006116021498460977,0
41,8,125,0.6875,2.4,0.0005752521771068089,0
42,8,127,0.6875,2.3622047244094486,0.000335880844804506,0
43,8,129,0.6875,2.3255813953488373,0.0005110146195342523,0
44,7,132,0.6875,2.272727272727273,0.0006235157197405819,0
45,7,134,0.6875,2.2388059701492535,0.0003708653768376341,0
46,8,137,0.6875,2.9197080291970803,0.0006468108865233412,0
47,8,141,0.6875,2.8368794326241136,0.0004105046978813793,0
48,8,144,0.6875,2.7777777777777777,0.00041726040435749375,0
49,5,148,0.6875,2.7027027027027026,0.00046045370958724345,0
50,7,151,0.6875,2.6490066225165565,0.0003325355812991413,0
51,8,153,0.6875,2.6143790849673203,0.00011100929722369057,0
52,8,156,0.6875,3.205128205128205,0.000529690242903154,0
53,7,159,0.6875,3.1446540880503147,0.0003370988637583703,0
54,8,162,0.6875,3.7037037037037033,0.0004692734619284384,0
55,8,166,0.6875,4.216867469879518,0.00023149975809368405,0
56,7,168,0.6875,4.166666666666666,0.0005103562715143067,0
57,7,170,0.6875,4.117647058823529,0.00012505528968379773,0
58,6,174,0.6875,4.022988505747127,0.00022175980127981553,0
59,6,176,0.6875,4.545454545454546,0.0004520987291604691,0
60,8,178,0.6875,4.49438202247191,0.00014845191156871991,0
61,8,182,0.6875,4.395604395604396,0.0004242940219255606,0
62,7,185,0.6875,4.324324324324325,0.0003710859098194949,0
63,6,189,0.6875,4.232804232804233,9.435585165740722e-05,0
64,8,193,0.6875,4.145077720207254,0.0004616258493340183,0
65,8,195,0.6875,4.102564102564102,7.438705576312839e-05,0
66,6,199,0.6875,4.0201005025125625,0.00028685399725045154,0
67,8,202,0.6875,3.9603960396039604,0.00031509758307789106,0
68,6,206,0.6875,3.8834951456310676,0.00037053159431325763,0
69,7,210,0.6875,3.8095238095238098,0.00017806935483542576,0
70,8,213,0.6875,3.755868544600939,0.0002729698886762101,0
71,6,217,0.6875,3.686635944700461,0.00016990982459611607,0
72,6,220,0.6875,4.090909090909091,0.00024731323041665427,0
73,7,223,0.6875,4.484304932735426,0.00038558377265340946,0
74,7,226,0.6875,4.424778761061947,0.00017271866105025266,0
75,6,229,0.6875,4.8034934497816595,0.00029793051409870687,0
76,7,232,0.6875,5.172413793103448,0.000336892706486906,0
77,8,236,0.6875,5.508474576271186,7.432762112203164e-05,0
78,8,238,0.6875,5.46218487394958,7.861424505231923e-05,0
79,7,241,0.6875,5.394190871369295,7.906271728285652e-05,0
80,7,245,0.6875,5.3061224489795915,0.00015170177268922035,0
81,8,249,0.6875,5.220883534136546,0.00022093418088668036,0
82,8,253,0.6875,5.138339920948617,0.00039373968283420844,0
83,8,255,0.6875,5.098039215686274,0.0003278839714461556,0
84,6,258,0.6875,5.038759689922481,0.0002595899071106586,0
85,8,261,0.6875,4.980842911877394,4.4066890492885886e-05,0
86,8,265,0.6875,4.905660377358491,0.0003387569003990222,0
87,7,267,0.6875,4.868913857677903,0.00015558557090515092,0
88,7,271,0.6875,4.797047970479705,0.00010827297219782319,0
89,7,275,0.6875,5.090909090909091,0.0003459723797773686,0
90,8,278,0.6875,5.39568345323741,0.00029704350849514365,0
91,8,281,0.6875,5.338078291814947,5.8111102434781665e-05,0
92,8,284,0.6875,5.28169014084507,0.0001525160512237298,0
93,7,287,0.6875,5.2264808362369335,0.0003438483813218051,0
94,6,290,0.6875,5.172413793103448,0.00018371485099784811,0
95,6,292,0.6875,5.136986301369863,0.0001402223483827481,0
96,7,295,0.6875,5.084745762711865,0.0001960147073788687,0
97,8,297,0.6875,5.05050505050505,0.00021207652874276648,0
98,8,300,0.6875,5.333333333333334,0.00022734417372405598,0
99,8,304,0.6875,5.263157894736842,4.956876908668655e-05,0
100,8,306,0.6875,5.555555555555555,0.00016790566033423197,0
101,8,308,0.6875,5.51948051948052,0.00018899869231026045,0
102,7,310,0.6875,5.483870967741936,0.00012088995785448293,0
103,7,314,0.6875,5.414012738853503,0.00028846500875797775,0
104,8,317,0.6875,5.3627760252365935,0.0001636653315436793,0
105,7,319,0.6875,5.329153605015674,0.00015822270906869142,0
106,7,322,0.6875,5.279503105590062,0.00011490542088966269,0
107,8,324,0.6875,5.246913580246913,0.00010479589073118667,0
108,8,328,0.6875,5.487804878048781,0.00019191763133521357,0
109,7,332,0.6875,5.421686746987952,0.00022480536203955078,0
110,4,336,0.6875,5.357142857142857,8.453159271150589e-05,0
111,8,338,0.6875,5.325443786982249,0.00024442725179569716,0
112,8,340,0.6875,5.294117647058823,0.00015399106213536296,0
113,7,342,0.6875,5.263157894736842,0.000263750472557126,0
114,8,344,0.6875,5.523255813953488,0.00010891664296951861,0
115,8,346,0.6875,5.780346820809249,0.00011775752757436895,0
116,7,350,0.6875,5.714285714285714,3.5079783988751354e-05,0
117,8,354,0.6875,5.649717514124294,0.00021709851881356303,0
118,6,358,0.6875,5.58659217877095,5.10790293261225e-05,0
119,7,361,0.6875,5.540166204986149,6.987103846882769e-05,0
120,8,364,0.6875,5.4945054945054945,0.0002217185561102783,0
121,8,367,0.6875,5.449591280653951,3.454432808429129e-05,0
122,8,371,0.6875,5.660377358490567,0.00025436316694479394,0
123,8,374,0.6875,5.88235294117647,6.592102914961424e-05,0
124,8,377,0.6875,5.835543766578249,2.87661738785581e-05,0
125,8,381,0.6875,5.774278215223097,0.00015678551784595549,0
126,6,384,0.6875,5.729166666666666,0.0001281801124450428,0
127,7,388,0.6875,5.670103092783505,7.867008798221744e-05,0
128,8,391,0.6875,5.626598465473146,0.00017516405057146466,0
129,7,393,0.6875,5.597964376590331,0.00012131107194245392,0
130,7,396,0.6875,5.555555555555555,0.0002518407748373569,0
131,8,399,0.6875,5.513784461152882,0.00022204793914212893,0
132,8,402,0.6875,5.472636815920398,0.000179955825925493,0
133,7,406,0.6875,5.41871921182266,0.0001000465559518779,0
134,8,409,0.6875,5.378973105134474,0.00012206113546710278,0
135,6,411,0.6875,5.35279805352798,7.785327011286617e-05,0
136,8,414,0.6875,5.314009661835748,0.00017556152137577856,0
137,8,416,0.6875,5.528846153846153,7.846566966045438e-05,0
138,7,420,0.6875,5.476190476190476,0.00012744035198380464,0
139,8,424,0.6875,5.4245283018867925,7.890032305651574e-05,0
140,7,427,0.6875,5.386416861826698,0.0001898078205896931,0
141,8,429,0.6875,5.361305361305361,0.00014639852428315517,0
142,7,433,0.6875,5.311778290993072,0.00016517106977886173,0
143,8,436,0.6875,5.5045871559633035,0.00014402580943628307,0
144,7,439,0.6875,5.466970387243736,2.3687044155953435e-05,0
145,8,442,0.6875,5.429864253393665,0.00011309078366803613,0
146,8,445,0.6875,5.393258426966292,6.128067141701616e-05,0
147,8,447,0.6875,5.369127516778524,0.0001745693002196547,0
148,7,449,0.6875,5.3452115812917596,4.498555030115159e-05,0
149,7,453,0.6875,5.298013245033113,0.00016291364461918468,0
150,7,457,0.6875,5.470459518599562,4.301951075112923e-05,0
151,7,461,0.6875,5.42299349240781,6.800884979232161e-05,0
152,8,463,0.6875,5.615550755939525,0.00012839102510040352,0
153,6,467,0.6875,5.567451820128479,9.370842343401725e-05,0
154,7,471,0.6875,5.520169851380043,0.0001265963529172186,0
155,7,474,0.6875,5.485232067510549,8.228564853698495e-05,0
156,8,478,0.6875,5.648535564853557,0.00011506189628881217,0
157,7,482,0.6875,5.601659751037345,0.00019353354943151444,0
158,6,486,0.6875,5.555555555555555,0.00013179330616703197,0
159,7,488,0.6875,5.532786885245901,5.727150419775739e-05,0
160,8,492,0.6875,5.487804878048781,0.00011040632251641346,0
161,6,496,0.6875,5.443548387096774,0.00010046248563461904,0
162,8,500,0.6875,5.4,8.358250862486751e-05,0
163,7,504,0.6875,5.357142857142857,2.3515603458155785e-05,0
164,8,506,0.6875,5.33596837944664,8.071542948170507e-05,0
165,8,510,0.6875,5.294117647058823,0.00012458867785906453,0
166,8,513,0.6875,5.263157894736842,9.936751438127648e-05,0
167,8,516,0.6875,5.232558139534884,8.462468748605793e-05,0
168,7,518,0.6875,5.405405405405405,0.00018560649084636903,0
169,8,520,0.6875,5.384615384615385,0.00012709136725341376,0
170,7,523,0.6875,5.544933078393881,0.00010541106138295563,0
171,6,525,0.6875,5.523809523809524,0.00012052475077087695,0
172,7,529,0.6875,5.482041587901701,0.00018034518150535084,0
173,7,533,0.6875,5.628517823639775,0.00014707857991860633,0
174,7,537,0.6875,5.58659217877095,7.171738216837453e-05,0
175,8,540,0.6875,5.555555555555555,0.00013826262396889811,0
176,7,544,0.6875,5.698529411764706,9.230360891251037e-05,0
177,7,548,0.6875,5.839416058394161,0.00015727781077588823,0
178,8,550,0.6875,5.818181818181818,0.0001437444973935477,0
179,6,552,0.6875,5.797101449275362,4.3405543971839716e-05,0
180,7,556,0.6875,5.755395683453238,2.48342201014205e-05,0
181,6,558,0.6875,5.734767025089606,9.584903777487628e-05,0
182,7,562,0.6875,5.6939501779359425,8.955545062996263e-05,0
183,7,566,0.6875,5.6537102473498235,5.8289068183739244e-05,0
184,8,570,0.6875,5.614035087719298,0.00013486341115016235,0
185,7,574,0.6875,5.574912891986063,0.00014561505032598316,0
186,7,578,0.6875,5.536332179930796,6.291761757618397e-05,0
187,7,581,0.6875,5.507745266781412,0.00012137880912556535,0
188,8,585,0.6875,5.47008547008547,3.229845745355975e-05,0
189,6,587,0.6875,5.45144804088586,7.090259310266219e-05,0
190,8,591,0.6875,5.414551607445008,3.737392084490506e-05,0
191,7,595,0.6875,5.378151260504202,6.723150762920245e-05,0
192,8,599,0.6875,5.509181969949917,1.7585806762297184e-05,0
193,6,603,0.6875,5.472636815920398,6.59953371452983e-05,0
194,7,607,0.6875,5.436573311367381,0.00011457225884920246,0
195,7,611,0.6875,5.400981996726677,0.00012063691830562142,0
196,8,614,0.6875,5.374592833876222,3.829993386681095e-05,0
197,7,616,0.6875,5.357142857142857,0.00010494744971440764,0
198,6,619,0.6875,5.3311793214862675,7.942849253367902e-05,0
199,8,621,0.6875,5.475040257648954,3.24490383477996e-05,0
200,6,623,0.6875,5.457463884430177,5.639121522433525e-05,0
201,6,627,0.6875,5.422647527910686,4.295128039466059e-05,0
202,7,631,0.6875,5.388272583201268,8.61351443163765e-05,0
203,6,633,0.6875,5.371248025276461,0.00010473636005878943,0
204,7,635,0.6875,5.354330708661418,5.0314227921171004e-05,0
205,7,637,0.6875,5.337519623233909,8.550798933384105e-05,0
206,7,640,0.6875,5.3125,2.58457241359627e-05,0
207,5,644,0.6875,5.279503105590062,6.412878840425936e-05,0
208,7,646,0.6875,5.263157894736842,2.2948586054869115e-05,0
209,7,649,0.6875,5.238828967642527,1.6592513960417983e-05,0
210,6,653,0.6875,5.206738131699847,6.92049668333844e-05,0
211,8,656,0.6875,5.182926829268292,8.206763485040129e-05,0
212,8,660,0.6875,5.151515151515151,4.489618957427597e-05,0
213,6,664,0.6875,5.120481927710843,7.775792686114737e-05,0
214,6,666,0.6875,5.105105105105105,0.00013279104517896395,0
215,5,668,0.6875,5.239520958083832,2.1056917876995425e-05,0
216,5,670,0.6875,5.223880597014925,0.0001095697550543844,0
217,7,672,0.6875,5.208333333333334,4.3703009506635216e-05,0
218,7,674,0.6875,5.192878338278932,0.000138689619665625,0
219,7,678,0.6875,5.3097345132743365,9.606618965192024e-05,0
220,8,681,0.6875,5.4331864904552125,0.00013651479163056114,0
221,7,685,0.6875,5.547445255474453,0.00012996523522364794,0
222,7,687,0.6875,5.676855895196507,1.9347382715024226e-05,0
223,7,690,0.6875,5.6521739130434785,0.00013238936290983438,0
224,7,693,0.6875,5.627705627705628,2.088160147527356e-05,0
225,8,696,0.6875,5.747126436781609,1.9960393143632214e-05,0
226,7,700,0.6875,5.714285714285714,0.00014159581381164243,0
227,7,703,0.6875,5.689900426742532,6.829115148413473e-05,0
228,7,706,0.6875,5.6657223796034,0.00012519583734908182,0
229,7,708,0.6875,5.649717514124294,7.476635436841257e-05,0
230,8,710,0.6875,5.633802816901409,8.334116227641183e-05,0
231,6,713,0.6875,5.610098176718092,5.258632022435194e-05,0
232,8,716,0.6875,5.58659217877095,9.354537835809084e-05,0
233,7,720,0.6875,5.694444444444445,8.267740387916729e-05,0
234,6,724,0.6875,5.801104972375691,0.00013341364973100495,0
235,7,728,0.6875,5.769230769230769,4.335736368767946e-05,0
236,7,730,0.6875,5.7534246575342465,0.00011703382927507775,0
237,7,734,0.6875,5.722070844686648,3.263417311583506e-05,0
238,8,738,0.6875,5.826558265582656,0.00012129769166783814,0
239,4,742,0.6875,5.795148247978436,4.0466016598983014e-05,0
240,6,745,0.6875,5.771812080536913,9.823882601690616e-05,0
241,7,748,0.6875,5.88235294117647,1.4408828065916158e-05,0
242,8,750,0.6875,5.866666666666666,0.00012267265526081075,0
243,8,753,0.6875,5.843293492695882,9.255146228741552e-05,0
244,6,757,0.6875,5.812417437252312,0.00011697879791713856,0
245,6,761,0.6875,5.781865965834428,0.00010715946476317809,0
246,6,763,0.6875,5.766710353866317,4.911114688940387e-05,0
247,8,767,0.6875,5.736636245110821,1.7101071048722225e-05,0
248,8,771,0.6875,5.706874189364462,6.192110016075089e-05,0
249,7,773,0.6875,5.692108667529108,0.00010657678834108945,0
250,7,777,0.6875,5.662805662805663,0.00011448936904721982,0
251,7,781,0.6875,5.633802816901409,0.00011511244199998604,0
252,8,784,0.6875,5.612244897959184,4.059396317445376e-05,0
253,7,788,0.6875,5.583756345177665,0.00011333754055237035,0
254,8,792,0.6875,5.555555555555555,0.00011067514814921263,0
255,6,795,0.6875,5.534591194968554,9.26865808952139e-05,0
256,7,799,0.6875,5.506883604505632,1.944224469402804e-05,0
257,6,802,0.6875,5.610972568578553,4.9635005180983695e-05,0
258,7,805,0.6875,5.590062111801243,2.7187122637140734e-05,0
259,7,809,0.6875,5.686032138442522,4.447542188359288e-05,0
260,8,811,0.6875,5.6720098643649814,0.0001202224523420745,0
261,6,814,0.6875,5.651105651105651,6.59738189979903e-05,0
262,8,817,0.6875,5.630354957160343,4.688098701347409e-05,0
263,7,820,0.6875,5.609756097560976,6.070122684900907e-05,0
264,4,823,0.6875,5.710814094775213,1.457891557513786e-05,0
265,7,825,0.6875,5.696969696969697,0.00010847983482330291,0
266,7,828,0.6875,5.676328502415459,5.691240109705133e-05,0
267,6,830,0.6875,5.662650602409639,0.00010903366912005327,0
268,6,834,0.6875,5.635491606714628,9.966101066241832e-05,0
269,8,837,0.6875,5.615292712066906,5.8713946524254996e-05,0
270,5,841,0.6875,5.58858501783591,6.143804289234074e-05,0
271,7,844,0.6875,5.568720379146919,8.365087867939517e-05,0
272,6,846,0.6875,5.555555555555555,2.3533917399613368e-05,0
273,5,849,0.6875,5.535924617196701,7.571553727165778e-05,0
274,8,852,0.6875,5.633802816901409,6.687054416105171e-05,0
275,8,855,0.6875,5.614035087719298,0.00011172075030166636,0
276,7,858,0.6875,5.594405594405594,7.166200726141859e-05,0
277,8,862,0.6875,5.68445475638051,7.768158302741624e-05,0
278,8,865,0.6875,5.664739884393064,2.00480344819832e-05,0
279,8,868,0.6875,5.64516129032258,8.064185885415586e-05,0
280,8,872,0.6875,5.6192660550458715,0.00010002479623645516,0
281,8,875,0.6875,5.6000000000000005,2.0449430816788016e-05,0
282,8,877,0.6875,5.587229190421892,6.135665752471256e-05,0
283,5,880,0.6875,5.568181818181818,9.039205298109762e-05,0
284,7,882,0.6875,5.555555555555555,4.62572620952994e-05,0
285,8,885,0.6875,5.649717514124294,2.149536418180172e-05,0
286,8,888,0.6875,5.63063063063063,7.014743974973683e-05,0
287,7,890,0.6875,5.730337078651685,0.00010128829050653475,0
288,7,893,0.6875,5.711086226203808,3.093707113445714e-05,0
289,7,897,0.6875,5.68561872909699,0.0001076605202564086,0
290,6,900,0.6875,5.666666666666666,6.346412431819134e-05,0
291,8,902,0.6875,5.65410199556541,9.555301592375644e-05,0
292,7,906,0.6875,5.629139072847682,3.638242590892173e-05,0
293,8,910,0.6875,5.714285714285714,3.430727226982812e-05,0
294,8,912,0.6875,5.701754385964912,4.133986105947592e-05,0
295,6,916,0.6875,5.676855895196507,8.817302544220344e-05,0
296,8,918,0.6875,5.664488017429194,3.2435486551256835e-05,0
297,8,922,0.6875,5.639913232104121,2.395527032505435e-05,0
298,7,924,0.6875,5.627705627705628,2.9347366931263665e-05,0
299,7,928,0.6875,5.603448275862069,2.7219949382535777e-05,0
300,8,932,0.6875,5.686695278969957,6.470634466087768e-05,0
301,7,934,0.6875,5.674518201284797,4.2823427028374467e-05,0
302,7,938,0.6875,5.6503198294243075,0.00010467438533148133,0
303,6,942,0.6875,5.626326963906582,1.4547861147355652e-05,0
304,7,945,0.6875,5.608465608465608,3.2185284113431096e-05,0
305,8,949,0.6875,5.584826132771338,8.065222682565888e-05,0
306,7,952,0.6875,5.6722689075630255,9.208608747328213e-05,0
307,8,955,0.6875,5.654450261780105,6.967480557422801e-05,0
308,7,959,0.6875,5.630865484880084,3.850816290614377e-05,0
309,7,961,0.6875,5.6191467221644125,6.638050422187406e-05,0
310,7,963,0.6875,5.607476635514018,5.1491312839992774e-05,0
311,8,966,0.6875,5.693581780538302,2.8284179193725643e-05,0
312,5,968,0.6875,5.681818181818182,2.1296489724436646e-05,0
313,8,972,0.6875,5.658436213991769,9.09111537487557e-05,0
314,5,975,0.6875,5.641025641025641,5.118661467622839e-05,0
315,6,979,0.6875,5.617977528089887,5.827427504991558e-05,0
316,7,981,0.6875,5.708460754332314,8.454544219337814e-05,0
317,5,983,0.6875,5.696846388606307,5.3653564584873627e-05,0
318,8,985,0.6875,5.685279187817259,5.579156123614387e-05,0
319,8,988,0.6875,5.769230769230769,1.1079479638990761e-05,0
320,8,992,0.6875,5.745967741935484,7.907385871969246e-05,0
321,8,996,0.6875,5.72289156626506,2.2555229946288657e-05,0
322,8,1000,0.6875,5.7,7.58220350457935e-05,0
323,5,1003,0.6875,5.682951146560319,7.219623741186706e-05,0
324,8,1007,0.6875,5.660377358490567,7.288943568150463e-05,0
325,7,1010,0.6875,5.643564356435644,8.82378093103254e-05,0
326,8,1013,0.6875,5.62685093780849,5.4713652948149924e-05,0
327,7,1017,0.6875,5.604719764011799,9.219517599456261e-05,0
328,6,1021,0.6875,5.582761998041136,3.616459771332406e-05,0
329,7,1024,0.6875,5.56640625,2.577897576924738e-05,0
330,8,1026,0.6875,5.555555555555555,8.678552310537849e-05,0
331,6,1029,0.6875,5.539358600583091,5.4414382655913396e-05,0
332,6,1032,0.6875,5.62015503875969,1.911117888721599e-05,0
333,8,1035,0.6875,5.603864734299517,1.8742983007460402e-05,0
334,7,1039,0.6875,5.678537054860443,5.690004604475482e-05,0
335,7,1043,0.6875,5.752636625119846,7.40595408728335e-05,0
336,7,1047,0.6875,5.730659025787966,7.691309536307467e-05,0
337,7,1051,0.6875,5.708848715509039,3.5295493670523575e-05,0
338,6,1053,0.6875,5.698005698005698,1.2790660600214648e-05,0
339,7,1056,0.6875,5.681818181818182,8.70710401313674e-05,0
340,5,1059,0.6875,5.6657223796034,5.870429427605309e-05,0
341,7,1062,0.6875,5.649717514124294,3.5672373360020906e-05,0
342,8,1066,0.6875,5.72232645403377,2.7361304221041063e-05,0
343,7,1069,0.6875,5.706267539756782,4.208956814683299e-05,0
344,7,1073,0.6875,5.778191985088537,8.298198953618564e-05,0
345,7,1075,0.6875,5.8604651162790695,2.1552046214232012e-05,0
346,6,1077,0.6875,5.8495821727019495,3.308662652987682e-05,0
347,8,1081,0.6875,5.827937095282146,5.255549979642408e-05,0
348,8,1083,0.6875,5.8171745152354575,2.5994680736943085e-05,0
349,8,1086,0.6875,5.801104972375691,9.134566430781034e-05,0
350,8,1089,0.6875,5.785123966942149,2.5955998948382674e-05,0
351,8,1093,0.6875,5.763952424519671,2.3819508084322363e-05,0
352,7,1097,0.6875,5.742935278030994,8.693720075798876e-05,0
353,7,1101,0.6875,5.722070844686648,4.6218690828512434e-05,0
354,7,1104,0.6875,5.706521739130435,3.4874128344292034e-05,0
355,7,1108,0.6875,5.6859205776173285,4.440479107814316e-05,0
356,7,1111,0.6875,5.6705670567056705,7.614648129498162e-05,0
357,7,1115,0.6875,5.650224215246637,6.863300944532861e-05,0
358,8,1117,0.6875,5.640107430617726,5.7267025221098355e-05,0
359,7,1121,0.6875,5.619982158786797,2.748020627959807e-05,0
360,7,1124,0.6875,5.604982206405694,6.769025783436545e-05,0
361,8,1128,0.6875,5.585106382978723,2.4292927268466733e-05,0
362,8,1131,0.6875,5.570291777188329,3.1193303201553075e-05,0
363,6,1135,0.6875,5.5506607929515415,1.710841126657427e-05,0
364,7,1139,0.6875,5.53116769095698,1.3352146467527426e-05,0
365,8,1143,0.6875,5.511811023622047,6.462103484664459e-05,0
366,7,1147,0.6875,5.492589363557106,4.808830538193819e-05,0
367,6,1151,0.6875,5.473501303214596,4.370276978826801e-05,0
368,7,1153,0.6875,5.464006938421509,4.617688201420969e-05,0
369,8,1155,0.6875,5.454545454545454,8.026742285994997e-05,0
370,7,1159,0.6875,5.43572044866264,5.9770935273960484e-05,0
371,5,1163,0.6875,5.417024935511608,6.444644454676923e-05,0
372,6,1166,0.6875,5.4030874785591765,5.9459315619630774e-05,0
373,8,1170,0.6875,5.384615384615385,4.737491571124062e-05,0
374,8,1172,0.6875,5.375426621160409,4.081398794807819e-05,0
375,8,1174,0.6875,5.366269165247019,4.81306236899064e-05,0
376,8,1178,0.6875,5.34804753820034,7.888087260204214e-05,0
377,8,1180,0.6875,5.338983050847458,4.177264418992611e-05,0
378,7,1183,0.6875,5.325443786982249,3.814855428384995e-05,0
379,7,1185,0.6875,5.3164556962025316,4.7814666536419266e-05,0
380,8,1187,0.6875,5.307497893850042,6.2495886331573e-05,0
381,5,1189,0.6875,5.298570227081581,6.795896020568499e-05,0
382,5,1193,0.6875,5.2808046940486175,5.8418656011318816e-05,0
383,8,1197,0.6875,5.3467000835421885,4.596675041450924e-05,0
384,6,1201,0.6875,5.412156536219817,3.924612220577433e-05,0
385,8,1204,0.6875,5.398671096345515,3.0216813637122104e-05,0
386,6,1206,0.6875,5.389718076285241,3.9871995949875974e-05,0
387,6,1209,0.6875,5.376344086021505,4.253266224147329e-05,0
388,8,1211,0.6875,5.367464905037159,6.281716303073155e-05,0
389,8,1214,0.6875,5.354200988467875,5.132116895965997e-05,0
390,8,1216,0.6875,5.345394736842105,5.1937666057084995e-05,0
391,7,1219,0.6875,5.332239540607055,5.435812655844203e-05,0
392,8,1222,0.6875,5.319148936170213,6.713460501865979e-05,0
393,7,1225,0.6875,5.3061224489795915,2.511588076692312e-05,0
394,7,1227,0.6875,5.297473512632437,6.567346592213579e-05,0
395,8,1231,0.6875,5.280259951259139,5.451308847114354e-05,0
396,8,1235,0.6875,5.263157894736842,5.8387803875629415e-05,0
397,7,1238,0.6875,5.250403877221324,5.0188594999804765e-05,0
398,8,1240,0.6875,5.241935483870968,4.1371502048210494e-05,0
399,7,1243,0.6875,5.229283990345937,4.9157402059450766e-05,0
400,8,1245,0.6875,5.220883534136546,2.929065075192932e-05,0
401,8,1249,0.6875,5.2842273819055245,7.901115892662344e-05,0
402,7,1252,0.6875,5.271565495207668,7.117358102923471e-05,0
403,8,1255,0.6875,5.338645418326693,5.4433556655239466e-05,0
404,7,1258,0.6875,5.325914149443562,6.98633545621631e-05,0
405,7,1262,0.6875,5.309033280507132,5.5053663497656715e-05,0
406,8,1266,0.6875,5.371248025276461,5.6645621208357775e-05,0
407,8,1270,0.6875,5.354330708661418,6.326782437693467e-05,0
408,8,1274,0.6875,5.337519623233909,1.49531169737992e-05,0
409,6,1277,0.6875,5.324980422866092,7.330168460046396e-05,0
410,8,1280,0.6875,5.3125,2.7557904144379565e-05,0
411,6,1284,0.6875,5.29595015576324,6.75487191658817e-05,0
412,8,1288,0.6875,5.279503105590062,3.5854908302917464e-05,0
413,8,1290,0.6875,5.271317829457364,6.848969451329013e-05,0
414,6,1293,0.6875,5.2590873936581595,6.741476975973187e-05,0
415,8,1296,0.6875,5.246913580246913,5.692182718099818e-05,0
416,8,1300,0.6875,5.3076923076923075,5.824543913259857e-05,0
417,8,1303,0.6875,5.295471987720644,4.530425819884739e-05,0
418,8,1307,0.6875,5.279265493496557,1.66772214283189e-05,0
419,8,1309,0.6875,5.271199388846448,6.107620239287771e-05,0
420,8,1312,0.6875,5.259146341463414,2.8227135104473134e-05,0
421,7,1314,0.6875,5.251141552511415,3.5016937571913944e-05,0
422,7,1318,0.6875,5.235204855842185,8.664164038904864e-06,0
423,8,1321,0.6875,5.223315669947009,8.937190479876873e-06,0
424,7,1324,0.6875,5.211480362537765,3.439379311603496e-05,0
425,8,1327,0.6875,5.1996985681989445,2.0310085110250675e-05,0
426,8,1331,0.6875,5.184072126220887,5.1936695054436436e-05,0
427,8,1333,0.6875,5.176294073518379,2.198868412885745e-05,0
428,8,1336,0.6875,5.164670658682635,5.166626602640112e-05,0
429,6,1340,0.6875,5.149253731343284,1.0075052299779173e-05,0
430,7,1342,0.6875,5.216095380029806,2.908082893169926e-05,0
431,8,1344,0.6875,5.282738095238095,4.9306347185310474e-05,0
432,5,1347,0.6875,5.270972531551596,4.3319051637562115e-05,0
433,5,1351,0.6875,5.255366395262769,6.195423538807025e-05,0
434,7,1354,0.6875,5.243722304283604,4.9211593586065724e-05,0
435,8,1356,0.6875,5.235988200589971,4.018974487991321e-05,0
436,8,1360,0.6875,5.220588235294118,1.8289088108243355e-05,0
437,6,1362,0.6875,5.212922173274596,2.3863602929065434e-05,0
438,7,1364,0.6875,5.278592375366569,2.8414215092086797e-05,0
439,8,1368,0.6875,5.263157894736842,4.75803085450601e-05,0
440,8,1371,0.6875,5.25164113785558,4.410488768182449e-05,0
441,8,1375,0.6875,5.236363636363636,6.201055055428043e-05,0
442,6,1379,0.6875,5.221174764321972,1.3764270843246386e-05,0
443,7,1381,0.6875,5.213613323678494,3.7519028849055155e-05,0
444,7,1385,0.6875,5.270758122743683,2.8468652177612573e-05,0
445,8,1387,0.6875,5.263157894736842,6.426801819392169e-05,0
446,7,1390,0.6875,5.251798561151079,1.7602849020128387e-05,0
447,6,1393,0.6875,5.24048815506102,3.235698299949908e-05,0
448,8,1397,0.6875,5.225483178239084,1.1939466621454275e-05,0
449,7,1401,0.6875,5.210563882940757,6.404634332057525e-05,0
450,7,1404,0.6875,5.1994301994302,9.93025128554673e-06,0
451,5,1407,0.6875,5.188343994314144,2.4954014607327953e-05,0
452,8,1411,0.6875,5.173635719347979,6.37263304737227e-05,0
453,8,1413,0.6875,5.166312809624912,8.83246967393019e-06,0
454,7,1415,0.6875,5.159010600706713,4.805630930022813e-05,0
455,7,1417,0.6875,5.151729004940014,1.9270245634031256e-05,0
456,8,1419,0.6875,5.1444679351656095,5.3191717081109735e-05,0
457,8,1422,0.6875,5.20393811533052,5.9704459451768294e-05,0
458,7,1424,0.6875,5.196629213483146,3.265698063284347e-05,0
459,7,1427,0.6875,5.185704274702172,3.0855547242149425e-05,0
460,6,1430,0.6875,5.174825174825175,2.3871388343291527e-05,0
461,5,1433,0.6875,5.163991625959525,1.4697132371921751e-05,0
462,7,1435,0.6875,5.2264808362369335,2.136617350701277e-05,0
463,8,1437,0.6875,5.219206680584551,2.3800450925835885e-05,0
464,7,1440,0.6875,5.208333333333334,3.754794429825987e-05,0
465,7,1443,0.6875,5.197505197505198,3.217380448927059e-05,0
466,6,1446,0.6875,5.186721991701245,3.6387214220168245e-05,0
467,7,1450,0.6875,5.241379310344827,3.432608709657043e-05,0
468,8,1453,0.6875,5.230557467309016,4.363821722742404e-05,0
469,8,1457,0.6875,5.216197666437886,1.982419316840488e-05,0
470,8,1460,0.6875,5.205479452054795,1.4428867260235313e-05,0
471,6,1464,0.6875,5.191256830601093,3.9895066431020756e-05,0
472,7,1467,0.6875,5.248807089297887,6.26425797068102e-05,0
473,8,1471,0.6875,5.3025152957172,2.175508197092097e-05,0
474,7,1473,0.6875,5.295315682281059,5.937130812221636e-05,0
475,7,1476,0.6875,5.284552845528456,8.733571387122027e-06,0
476,7,1479,0.6875,5.273833671399594,3.053536751667725e-05,0
477,7,1483,0.6875,5.259608900876602,3.788764415393092e-05,0
478,8,1486,0.6875,5.248990578734858,1.0565039103086747e-05,0
479,8,1489,0.6875,5.2384150436534584,3.437119008775392e-05,0
480,7,1492,0.6875,5.294906166219839,4.2839335945191175e-05,0
481,7,1495,0.6875,5.351170568561873,1.6639889601179716e-05,0
482,8,1497,0.6875,5.344021376085505,1.259570724001449e-05,0
483,8,1501,0.6875,5.329780146568954,2.911442014589276e-05,0
484,6,1504,0.6875,5.38563829787234,6.590088382198273e-05,0
485,8,1508,0.6875,5.371352785145889,7.557390960978286e-06,0
486,8,1511,0.6875,5.360688285903375,6.174249453978122e-05,0
487,7,1514,0.6875,5.3500660501981505,6.379268685057831e-05,0
488,7,1517,0.6875,5.339485827290705,5.184833750832946e-05,0
489,7,1520,0.6875,5.328947368421052,4.795960257276164e-05,0
490,8,1524,0.6875,5.31496062992126,2.4388847018590724e-05,0
491,8,1526,0.6875,5.307994757536042,5.3914415807995876e-05,0
492,6,1529,0.6875,5.297580117724002,4.9113846065648905e-05,0
493,6,1533,0.6875,5.283757338551859,3.534859874777992e-05,0
494,7,1537,0.6875,5.270006506180872,5.6502183385949495e-05,0
495,8,1541,0.6875,5.256327060350422,1.4690085754173736e-05,0
496,8,1544,0.6875,5.310880829015544,5.921240345244194e-05,0
497,6,1546,0.6875,5.36869340232859,2.421397258388109e-05,0
498,7,1549,0.6875,5.358295674628793,5.509937261452141e-05,0
499,7,1553,0.6875,5.344494526722473,2.8610742827698524e-05,0
500,7,1555,0.6875,5.337620578778135,1.796155356095472e-05,0
501,7,1559,0.6875,5.323925593329057,5.726031929115298e-05,0
502,7,1562,0.6875,5.313700384122919,2.009341516412017e-05,0
503,7,1566,0.6875,5.300127713920817,5.320335105878742e-05,0
504,7,1569,0.6875,5.289993626513703,1.359050732654594e-05,0
505,8,1572,0.6875,5.2798982188295165,2.0612024327491012e-05,0
506,8,1575,0.6875,5.26984126984127,5.696237864285977e-05,0
507,8,1579,0.6875,5.25649145028499,5.598285759718821e-05,0
508,7,1581,0.6875,5.249841872232764,3.409891638620614e-05,0
509,8,1584,0.6875,5.23989898989899,6.197256823123799e-05,0
510,8,1587,0.6875,5.229993698802772,3.103492855499733e-05,0
511,7,1591,0.6875,5.216844751728473,1.2482315133072278e-05,0
512,6,1593,0.6875,5.210295040803516,7.647544695410736e-06,0
513,6,1597,0.6875,5.19724483406387,1.3454466652792067e-05,0
514,7,1600,0.6875,5.1875,4.0048221965687394e-05,0
515,7,1603,0.6875,5.177791640673736,3.1074885327304415e-05,0
516,7,1607,0.6875,5.164903546981954,5.208379269348377e-05,0
517,5,1610,0.6875,5.15527950310559,5.816731133428929e-05,0
518,8,1613,0.6875,5.145691258524489,4.033301405745511e-05,0
519,7,1617,0.6875,5.132962275819419,5.962228193976339e-05,0
520,8,1621,0.6875,5.120296113510179,2.493974053892589e-05,0
521,8,1624,0.6875,5.110837438423645,1.3742634619627267e-05,0
522,7,1626,0.6875,5.104551045510456,3.9473866357422535e-05,0
523,7,1628,0.6875,5.098280098280098,4.436852262801929e-05,0
524,6,1632,0.6875,5.08578431372549,3.5380101838049505e-05,0
525,8,1636,0.6875,5.0733496332518335,4.176268068653359e-05,0
526,8,1639,0.6875,5.064063453325198,3.4351954635585165e-05,0
527,8,1642,0.6875,5.115712545676005,5.40412847738339e-05,0
528,7,1646,0.6875,5.103280680437424,2.914098828205916e-05,0
529,6,1649,0.6875,5.154639175257731,4.304382109027692e-05,0
530,8,1653,0.6875,5.142165759225651,9.26554192854066e-06,0
531,7,1656,0.6875,5.132850241545894,2.454936593947505e-05,0
532,5,1660,0.6875,5.120481927710843,1.6430452197861018e-05,0
533,8,1663,0.6875,5.111244738424534,3.992358737412059e-05,0
534,7,1667,0.6875,5.098980203959208,2.5787247612193938e-05,0
535,7,1670,0.6875,5.149700598802395,2.2173605997630917e-05,0
536,8,1673,0.6875,5.140466228332337,5.249954508456891e-05,0
537,6,1676,0.6875,5.13126491646778,3.659107491746557e-05,0
538,8,1679,0.6875,5.122096486003573,1.2942891349104756e-05,0
539,8,1683,0.6875,5.109922756981581,2.1597871160424994e-05,0
540,5,1687,0.6875,5.0978067575577946,1.9781508140311383e-05,0
541,6,1689,0.6875,5.0917702782711665,3.4661951239252744e-05,0
542,8,1692,0.6875,5.08274231678487,4.563333662263201e-05,0
543,7,1696,0.6875,5.070754716981132,4.1820076579652365e-05,0
544,6,1700,0.6875,5.0588235294117645,5.4572855140865744e-05,0
545,7,1702,0.6875,5.052878965922444,3.88577186378905e-05,0
546,8,1704,0.6875,5.046948356807512,4.273085339855975e-05,0
547,8,1707,0.6875,5.038078500292912,1.5432762846633183e-05,0
548,8,1710,0.6875,5.029239766081871,9.600872310641835e-06,0
549,6,1712,0.6875,5.0233644859813085,2.5803803718887183e-05,0
550,7,1714,0.6875,5.017502917152859,3.331122530973237e-05,0
551,8,1716,0.6875,5.011655011655012,4.373105825130379e-05,0
552,8,1718,0.6875,5.005820721769499,1.1563760489979983e-05,0
553,7,1722,0.6875,4.994192799070848,5.291820552718304e-05,0
554,6,1726,0.6875,5.040556199304751,1.2501681122877456e-05,0
555,7,1728,0.6875,5.034722222222222,4.9900835329246413e-05,0
556,8,1730,0.6875,5.028901734104046,5.28456083544599e-05,0
557,7,1732,0.6875,5.023094688221709,2.7029774353030524e-05,0
558,8,1734,0.6875,5.017301038062284,2.2168020879761856e-05,0
559,8,1737,0.6875,5.008635578583765,2.229607636837149e-05,0
560,7,1741,0.6875,5.054566341183228,2.143753155291921e-05,0
561,7,1743,0.6875,5.048766494549628,5.0702639255175036e-05,0
562,8,1747,0.6875,5.037206639954207,1.3113289695737906e-05,0
563,8,1751,0.6875,5.025699600228441,3.2515969184311646e-05,0
564,7,1753,0.6875,5.0199657729606395,3.323689379162879e-05,0
565,7,1757,0.6875,5.0085372794536145,3.829961239593206e-05,0
566,8,1759,0.6875,5.002842524161456,1.8251218735286762e-05,0
567,6,1763,0.6875,4.991491775382871,5.51826869978989e-05,0
568,7,1765,0.6875,4.985835694050992,4.949433472617292e-05,0
569,7,1769,0.6875,4.9745618993781795,2.626149331789135e-05,0
570,6,1772,0.6875,4.966139954853273,5.5061876965582537e-05,0
571,7,1775,0.6875,4.957746478873239,1.8218035153914672e-05,0
572,8,1779,0.6875,5.002810567734682,5.544860898861004e-05,0
573,7,1783,0.6875,4.991587212563096,2.448261020795459e-05,0
574,7,1785,0.6875,4.985994397759104,4.60541364357507e-05,0
575,8,1788,0.6875,5.033557046979865,7.684149368860179e-06,0
576,8,1792,0.6875,5.022321428571429,3.933740476240196e-05,0
577,8,1796,0.6875,5.011135857461024,2.3134846386753567e-05,0
578,8,1799,0.6875,5.00277932184547,2.93086342197625e-05,0
579,7,1801,0.6875,4.997223764575236,2.9787934278480306e-05,0
580,7,1804,0.6875,4.988913525498892,3.9811259869712035e-05,0
581,8,1806,0.6875,4.983388704318937,4.278732894638328e-05,0
582,7,1810,0.6875,5.027624309392265,1.8102031395409635e-05,0
583,8,1813,0.6875,5.019305019305019,2.7613108396879883e-05,0
584,7,1816,0.6875,5.011013215859031,4.922931780079649e-05,0
585,7,1818,0.6875,5.060506050605061,1.738786596795771e-05,0
586,7,1821,0.6875,5.052169137836353,5.452028004349538e-05,0
587,8,1825,0.6875,5.0410958904109595,4.3161266633611636e-05,0
588,7,1828,0.6875,5.032822757111598,2.196065538543479e-05,0
589,8,1830,0.6875,5.027322404371585,7.811358828920489e-06,0
590,7,1832,0.6875,5.021834061135371,2.643475721349737e-05,0
591,8,1836,0.6875,5.010893246187364,9.868020393631602e-06,0
592,7,1840,0.6875,5.0,5.377631803406381e-05,0
593,7,1844,0.6875,5.043383947939263,3.7249596810005965e-05,0
594,7,1846,0.6875,5.037919826652221,1.2069040935696592e-05,0
595,6,1850,0.6875,5.027027027027027,2.1005243882324752e-05,0
596,8,1854,0.6875,5.016181229773463,1.7854184040614422e-05,0
597,8,1858,0.6875,5.005382131324004,6.435946823341592e-06,0
598,8,1862,0.6875,4.994629430719656,2.5583452635613753e-05,0
599,5,1866,0.6875,4.983922829581994,4.44345541678023e-05,0
600,6,1868,0.6875,5.032119914346895,4.319876745364123e-05,0
601,7,1870,0.6875,5.026737967914439,4.4482003298961885e-05,0
602,6,1873,0.6875,5.018686599038975,1.5191844237483098e-05,0
603,7,1877,0.6875,5.00799147575919,1.656714165883152e-05,0
604,5,1879,0.6875,5.002660989888239,5.288922845215264e-05,0
605,7,1882,0.6875,4.994686503719448,7.058506406469788e-06,0
606,7,1886,0.6875,4.984093319194061,3.4272866771870674e-05,0
607,6,1888,0.6875,4.978813559322034,5.798006210507666e-06,0
608,6,1892,0.6875,4.968287526427061,3.5879855783721136e-05,0
609,7,1896,0.6875,4.957805907172996,4.51326780654106e-05,0
610,7,1899,0.6875,5.002632964718273,2.916308803532523e-05,0
611,7,1903,0.6875,4.9921177088807145,4.528250763357854e-05,0
612,7,1905,0.6875,5.039370078740157,3.425744368349778e-05,0
613,8,1909,0.6875,5.028810895756941,5.4063181047888535e-06,0
614,7,1911,0.6875,5.075876504447932,3.891159949127574e-05,0
615,8,1914,0.6875,5.120167189132706,2.673022187983458e-05,0
616,8,1917,0.6875,5.112154407929056,1.0151686594193665e-05,0
617,8,1921,0.6875,5.153565851119208,3.7726113189903086e-05,0
618,7,1924,0.6875,5.145530145530146,3.207879279882025e-05,0
619,7,1926,0.6875,5.14018691588785,1.1233347814251007e-05,0
620,8,1930,0.6875,5.129533678756477,4.464334179627458e-05,0
621,7,1934,0.6875,5.118924508790072,5.0847940114055576e-05,0
622,8,1938,0.6875,5.108359133126935,2.3218133231881013e-05,0
623,7,1940,0.6875,5.103092783505154,3.8776824068526046e-05,0
624,8,1944,0.6875,5.1440329218107,3.977707976842733e-05,0
625,7,1947,0.6875,5.136106831022085,2.5542230861456725e-05,0
626,8,1950,0.6875,5.128205128205128,1.5289063988477727e-05,0
627,6,1953,0.6875,5.171530977982591,3.8673781245697936e-05,0
628,7,1957,0.6875,5.1609606540623405,4.249373166193665e-05,0
629,6,1959,0.6875,5.206738131699847,4.691351148446136e-05,0
630,7,1962,0.6875,5.198776758409786,4.026325323509707e-05,0
631,6,1966,0.6875,5.188199389623601,3.203518160099105e-05,0
632,8,1968,0.6875,5.233739837398374,1.2809741603968294e-05,0
633,8,1972,0.6875,5.223123732251522,1.0058953757304758e-05,0
634,7,1975,0.6875,5.265822784810126,3.104397477149646e-05,0
635,8,1978,0.6875,5.308392315470172,2.207336793755296e-05,0
636,6,1982,0.6875,5.297679112008073,1.489029868052417e-05,0
637,6,1986,0.6875,5.287009063444108,3.193368734581559e-05,0
638,6,1988,0.6875,5.28169014084507,4.596450683405122e-05,0
639,5,1991,0.6875,5.3239578101456555,2.6234182118681843e-05,0
640,8,1994,0.6875,5.315947843530592,3.2257562802769876e-05,0
641,8,1996,0.6875,5.31062124248497,4.949482836006613e-05,0
642,8,2000,0.6875,5.3,7.321741089950455e-06,0
643,7,2003,0.6875,5.3419870194707935,3.805154689885971e-05,0
644,8,2007,0.6875,5.331340308918784,2.272332625346481e-05,0
645,8,2009,0.6875,5.326032852165256,1.4189162660042137e-05,0
646,7,2012,0.6875,5.318091451292246,1.2849508847581464e-05,0
647,8,2016,0.6875,5.307539682539683,4.7398960018800196e-05,0
648,8,2019,0.6875,5.299653293709757,1.3674140533581325e-05,0
649,7,2023,0.6875,5.338606030647553,1.6068090440855555e-05,0
650,8,2027,0.6875,5.328071040947212,1.6296827219441605e-05,0
651,8,2030,0.6875,5.320197044334975,3.913327275016757e-05,0
652,6,2033,0.6875,5.312346286276439,1.9890980824009774e-05,0
653,5,2037,0.6875,5.3019145802650955,4.067275242870524e-05,0
654,8,2041,0.6875,5.291523762861342,1.0096564682364436e-05,0
655,7,2044,0.6875,5.283757338551859,1.1126546042856828e-05,0
656,7,2048,0.6875,5.2734375,9.24668748946766e-06,0
657,6,2050,0.6875,5.317073170731708,4.7356533127609495e-05,0
658,8,2053,0.6875,5.309303458353629,3.400914991326679e-05,0
659,7,2057,0.6875,5.298979095770539,3.2654685973264055e-05,0
660,8,2060,0.6875,5.29126213592233,1.3858219619503756e-05,0
661,7,2062,0.6875,5.286129970902037,3.9423039045637646e-05,0
662,8,2064,0.6875,5.329457364341085,3.660692569310957e-05,0
663,7,2068,0.6875,5.319148936170213,6.131506402991309e-06,0
664,7,2071,0.6875,5.3114437469821345,7.51087452359687e-06,0
665,7,2074,0.6875,5.303760848601736,4.787090989633861e-05,0
666,8,2077,0.6875,5.2961001444390945,3.257952521381438e-05,0
667,8,2081,0.6875,5.285920230658337,4.0397813368164744e-05,0
668,8,2085,0.6875,5.275779376498801,3.074763890297904e-05,0
669,5,2088,0.6875,5.268199233716475,2.5580886281778537e-05,0
670,6,2090,0.6875,5.263157894736842,2.6807155033647523e-05,0
671,8,2094,0.6875,5.253104106972302,2.077050056391496e-05,0
672,8,2098,0.6875,5.243088655862726,2.576146930553041e-05,0
673,7,2102,0.6875,5.233111322549953,2.3788786151667738e-05,0
674,6,2104,0.6875,5.228136882129278,2.5268241951275922e-05,0
675,8,2107,0.6875,5.220692928334125,2.650121168870648e-05,0
676,7,2111,0.6875,5.2108005684509715,1.0250185089861616e-05,0
677,7,2115,0.6875,5.200945626477541,3.124516783551348e-05,0
678,6,2119,0.6875,5.191127890514394,1.1405660997740665e-05,0
679,6,2123,0.6875,5.181347150259067,1.730229898054598e-05,0
680,7,2126,0.6875,5.174035747883349,2.3300262379581045e-05,0
681,8,2130,0.6875,5.164319248826291,3.4124683270302514e-05,0
682,8,2133,0.6875,5.157055789967183,2.0495655833948268e-05,0
683,7,2137,0.6875,5.147402901263454,4.150432647480808e-05,0
684,7,2141,0.6875,5.137786081270434,1.6689842365826702e-05,0
685,7,2145,0.6875,5.128205128205128,4.084916745740894e-05,0
686,8,2148,0.6875,5.121042830540038,3.645170096608437e-05,0
687,8,2152,0.6875,5.157992565055762,1.2204403930511076e-05,0
688,7,2155,0.6875,5.150812064965198,4.149741810430634e-05,0
689,7,2157,0.6875,5.1460361613351875,1.4405509246532682e-05,0
690,6,2161,0.6875,5.1365108745950945,1.2071164060370791e-05,0
691,8,2163,0.6875,5.177993527508091,2.392130624437716e-05,0
692,8,2165,0.6875,5.173210161662817,3.4695879185571695e-05,0
693,8,2169,0.6875,5.16366989396035,1.29377715532913e-05,0
694,6,2172,0.6875,5.156537753222836,5.38735605293216e-06,0
695,8,2176,0.6875,5.147058823529411,3.0429691897007335e-05,0
696,8,2179,0.6875,5.139972464433226,3.5199900775830695e-05,0
697,7,2181,0.6875,5.135259055479138,2.7031917539639884e-05,0
698,7,2185,0.6875,5.1258581235697935,5.037720061684708e-06,0
699,8,2188,0.6875,5.118829981718465,2.1725252670682597e-05,0
700,6,2191,0.6875,5.111821086261981,3.124098751375523e-05,0
701,7,2193,0.6875,5.107159142726858,8.586965558464274e-06,0
702,8,2197,0.6875,5.097860719162494,4.346787145341127e-05,0
703,7,2200,0.6875,5.090909090909091,1.705852413002182e-05,0
704,7,2203,0.6875,5.083976395823877,1.6068343153352822e-05,0
705,7,2207,0.6875,5.074762120525601,2.0906255076995177e-05,0
706,7,2209,0.6875,5.070167496604799,6.187424114087461e-06,0
707,8,2212,0.6875,5.063291139240507,2.230017123386209e-05,0
708,8,2215,0.6875,5.056433408577878,3.4385599752527254e-05,0
709,5,2218,0.6875,5.049594229035167,6.980322704050432e-06,0
710,8,2222,0.6875,5.0405040504050405,8.873335173566364e-06,0
711,6,2225,0.6875,5.033707865168539,5.494889238244259e-06,0
712,7,2227,0.6875,5.029187247418051,1.2337586884200946e-05,0
713,8,2231,0.6875,5.02017032720753,4.276985748581248e-05,0
714,6,2235,0.6875,5.011185682326622,4.105095000039302e-05,0
715,8,2239,0.6875,5.002233139794551,5.261942681564965e-06,0
716,6,2243,0.6875,4.993312527864467,1.461506656071858e-05,0
717,8,2246,0.6875,4.986642920747997,2.2521065471293158e-05,0
718,8,2248,0.6875,4.98220640569395,2.989868909982112e-05,0
719,7,2252,0.6875,5.017761989342807,3.9732019024860915e-05,0
720,8,2255,0.6875,5.011086474501108,1.8298703762287948e-05,0
721,8,2259,0.6875,5.002213368747233,4.035962366820484e-05,0
722,7,2263,0.6875,4.993371630578878,3.433627117665539e-05,0
723,8,2266,0.6875,4.9867608120035305,3.271519320247337e-05,0
724,8,2270,0.6875,4.977973568281938,2.0132701416455526e-05,0
725,8,2273,0.6875,4.971403431588209,3.491284267042681e-05,0
726,8,2275,0.6875,4.967032967032967,3.794747377669931e-05,0
727,8,2277,0.6875,4.962670180061485,1.0958359242517557e-05,0
728,8,2280,0.6875,4.9561403508771935,6.078574288041383e-06,0
729,8,2283,0.6875,4.9496276828734125,3.2305588726291414e-05,0
730,8,2285,0.6875,4.945295404814004,4.831331474707564e-06,0
731,8,2289,0.6875,4.980340760157274,2.306744014018183e-05,0
732,6,2291,0.6875,4.975993016150153,6.436309074795248e-06,0
733,6,2294,0.6875,4.969485614646905,1.5219107124063061e-05,0
734,8,2297,0.6875,5.00653025685677,1.660035020224104e-05,0
735,8,2299,0.6875,5.002174858634189,2.0005410162748257e-05,0
736,7,2302,0.6875,4.995655951346655,1.8560673758418603e-05,0
737,7,2306,0.6875,4.986990459670425,3.8342874925128325e-05,0
738,8,2310,0.6875,4.978354978354979,4.294082394841233e-05,0
739,7,2312,0.6875,4.974048442906574,4.305124470851902e-05,0
740,8,2314,0.6875,4.969749351771824,3.656444821977041e-05,0
741,7,2316,0.6875,4.96545768566494,1.6336230758644127e-05,0
742,8,2319,0.6875,4.959034066407934,1.3505236982863214e-05,0
743,8,2321,0.6875,4.954760878931495,2.303496293296992e-05,0
744,8,2323,0.6875,4.9504950495049505,3.246480097763291e-05,0
745,7,2327,0.6875,4.941985388912763,3.4894456474429384e-05,0
746,8,2331,0.6875,4.933504933504933,5.338152917883605e-06,0
747,8,2333,0.6875,4.9721388769824255,1.2724340402040975e-05,0
748,6,2336,0.6875,5.008561643835616,3.326699071387183e-05,0
749,8,2340,0.6875,5.042735042735043,1.538133002840174e-05,0
750,8,2343,0.6875,5.036278275714896,7.914370035402104e-06,0
751,8,2347,0.6875,5.027694929697486,3.1313906948491206e-05,0
752,8,2351,0.6875,5.019140791152701,3.5277244292125694e-05,0
753,7,2354,0.6875,5.0127442650807135,3.873688399105342e-05,0
754,8,2357,0.6875,5.04879083580823,1.870006997593294e-05,0
755,8,2361,0.6875,5.040237187632359,3.951159248596987e-05,0
756,6,2365,0.6875,5.031712473572939,3.342168761864252e-05,0
757,8,2367,0.6875,5.027460920997043,2.0497606188331716e-05,0
758,7,2370,0.6875,5.0210970464135025,4.0544403480550244e-05,0
759,6,2374,0.6875,5.012636899747262,3.3387188818894416e-05,0
760,8,2378,0.6875,5.004205214465938,4.108231126909989e-05,0
761,5,2382,0.6875,4.995801847187238,3.435980955420923e-05,0
762,5,2386,0.6875,5.029337803855825,8.64794785467153e-06,0
763,7,2389,0.6875,5.023022185014651,2.577995726716129e-05,0
764,7,2392,0.6875,5.058528428093646,9.240254626372985e-06,0
765,7,2396,0.6875,5.05008347245409,1.1867170260873588e-05,0
766,7,2398,0.6875,5.045871559633028,1.2182823013950356e-05,0
767,8,2401,0.6875,5.0395668471470225,1.6547949955323052e-05,0
768,8,2405,0.6875,5.072765072765073,1.959488743331848e-05,0
769,7,2407,0.6875,5.068550062318238,1.9632818287712252e-05,0
770,8,2411,0.6875,5.060141020323517,1.5532472036429953e-05,0
771,7,2415,0.6875,5.093167701863354,3.479929258757789e-05,0
772,6,2419,0.6875,5.126085159156676,5.824753858141583e-06,0
773,7,2421,0.6875,5.121850475010326,3.266919533357468e-05,0
774,8,2424,0.6875,5.115511551155116,3.050639174897918e-05,0
775,8,2426,0.6875,5.111294311624072,1.8019075419679445e-05,0
776,8,2430,0.6875,5.102880658436214,1.1309891643743387e-05,0
777,8,2433,0.6875,5.09658857377723,2.6572621208667594e-05,0
778,8,2435,0.6875,5.092402464065708,3.178510066662255e-05,0
779,7,2437,0.6875,5.0882232252769795,4.970214118179051e-06,0
780,7,2440,0.6875,5.081967213114754,4.487859919178713e-06,0
781,8,2443,0.6875,5.075726565697913,3.265723970091309e-05,0
782,7,2445,0.6875,5.112474437627812,3.2700210956808454e-05,0
783,8,2448,0.6875,5.106209150326797,2.9770035814393448e-05,0
784,5,2451,0.6875,5.099959200326397,3.819745352089054e-05,0
785,7,2454,0.6875,5.093724531377343,2.3862305197323024e-05,0
786,8,2458,0.6875,5.085435313262816,3.9106175144268915e-05,0
787,5,2462,0.6875,5.077173030056864,4.003324586146211e-05,0
788,7,2465,0.6875,5.1115618661257605,3.780615513486214e-05,0
789,7,2468,0.6875,5.145867098865478,3.327395505310996e-05,0
790,7,2470,0.6875,5.141700404858299,7.955161886833522e-06,0
791,7,2473,0.6875,5.135463000404368,3.762886820419733e-05,0
792,8,2475,0.6875,5.1313131313131315,1.7643209318213136e-05,0
793,7,2479,0.6875,5.1230334812424365,1.54825803632558e-05,0
794,7,2483,0.6875,5.114780507450665,2.8364884708656844e-05,0
795,8,2487,0.6875,5.106554081222357,3.320707460181408e-05,0
796,6,2491,0.6875,5.098354074668808,2.2669469750839487e-05,0
797,7,2494,0.6875,5.092221331194867,3.548881717199849e-05,0
798,8,2496,0.6875,5.0881410256410255,1.3383446402951671e-05,0
799,8,2500,0.6875,5.08,3.1881716890547876e-05,0
800,8,2502,0.6875,5.075939248601119,8.183216618826488e-06,0
801,8,2505,0.6875,5.069860279441118,3.1973477866264165e-05,0
802,6,2507,0.6875,5.065815715995214,2.9209725098920086e-05,0
803,8,2509,0.6875,5.061777600637704,1.5682015346911076e-05,0
804,8,2513,0.6875,5.093513728611222,1.728150461443898e-05,0
805,7,2517,0.6875,5.085419149781486,2.7232462835834345e-05,0
806,8,2519,0.6875,5.081381500595474,3.4714137838494165e-05,0
807,7,2523,0.6875,5.073325406262386,8.517892249842932e-06,0
808,7,2527,0.6875,5.065294815987337,1.861923602713311e-05,0
809,7,2529,0.6875,5.061289047054172,1.5628446763264716e-05,0
810,8,2533,0.6875,5.053296486379787,2.96248056544827e-05,0
811,7,2537,0.6875,5.0453291288923925,3.0780159083479185e-05,0
812,7,2541,0.6875,5.037386855568673,2.0850703765994447e-05,0
813,7,2545,0.6875,5.029469548133595,3.439335856702293e-05,0
814,8,2548,0.6875,5.023547880690738,3.788610014656729e-05,0
815,7,2552,0.6875,5.015673981191222,3.64547031505623e-05,0
816,8,2556,0.6875,5.007824726134586,3.169103159816728e-05,0
817,8,2560,0.6875,5.0,2.712493952528529e-05,0
818,7,2563,0.6875,4.99414748341787,1.4349608559123978e-05,0
819,6,2567,0.6875,4.9863654070899885,2.3480220243126124e-05,0
820,7,2570,0.6875,4.980544747081712,6.922367279251985e-06,0
821,6,2573,0.6875,4.974737660318694,2.1726248047005304e-05,0
822,8,2575,0.6875,4.9708737864077674,2.4089187051341216e-05,0
823,5,2579,0.6875,4.963164017060876,2.7220091732349036e-05,0
824,8,2581,0.6875,4.998062766369625,3.643127728991205e-05,0
825,8,2583,0.6875,4.994192799070848,1.8192041819125492e-05,0
826,8,2587,0.6875,4.986470815616544,5.3757860871134595e-06,0
827,8,2591,0.6875,5.017367811655731,2.8978821442496776e-05,0
828,7,2594,0.6875,5.0115651503469545,3.563196343226432e-05,0
829,7,2597,0.6875,5.044281863688871,8.293616131822267e-06,0
830,8,2600,0.6875,5.038461538461538,9.218128152168479e-06,0
831,7,2602,0.6875,5.034588777863182,2.426421269003161e-05,0
832,7,2604,0.6875,5.030721966205838,2.155410872979953e-05,0
833,5,2606,0.6875,5.026861089792786,1.620438791520501e-05,0
834,8,2610,0.6875,5.057471264367816,1.3136011926534144e-05,0
835,8,2614,0.6875,5.049732211170619,1.1193174811082684e-05,0
836,6,2618,0.6875,5.042016806722689,1.4052173572436772e-05,0
837,8,2620,0.6875,5.076335877862595,1.8207035454054623e-05,0
838,7,2624,0.6875,5.1067073170731705,3.0711479025999786e-05,0
839,8,2628,0.6875,5.098934550989346,3.2285551057462716e-05,0
840,7,2632,0.6875,5.091185410334346,3.21618329737598e-05,0
841,8,2636,0.6875,5.0834597875569045,3.642875483768409e-05,0
842,8,2638,0.6875,5.079605761940864,3.710429012451324e-05,0
843,7,2642,0.6875,5.109765329295988,5.925465037401974e-06,0
844,6,2646,0.6875,5.1020408163265305,9.251615738775166e-06,0
845,7,2649,0.6875,5.096262740656852,1.6976850173940062e-05,0
846,8,2651,0.6875,5.092417955488495,1.5436812481113488e-05,0
847,6,2655,0.6875,5.084745762711865,2.793541608878542e-05,0
848,7,2658,0.6875,5.07900677200903,8.804383039636865e-06,0
849,6,2661,0.6875,5.0732807215332585,2.766444939880484e-05,0
850,7,2665,0.6875,5.065666041275797,1.4983039708396807e-05,0
851,8,2669,0.6875,5.058074185088048,2.530292065184512e-05,0
852,7,2672,0.6875,5.052395209580839,2.2143483753535183e-05,0
853,6,2675,0.6875,5.046728971962617,3.444138752339676e-05,0
854,7,2677,0.6875,5.042958535674262,2.131132900133727e-05,0
855,7,2681,0.6875,5.072734054457292,3.219530251596372e-05,0
856,8,2683,0.6875,5.068952664927321,2.9060517884376164e-05,0
857,7,2686,0.6875,5.063291139240507,1.8490591666021774e-05,0
858,8,2689,0.6875,5.057642246188173,3.303585882527458e-05,0
859,8,2693,0.6875,5.050129966580022,1.6823584131842625e-05,0
860,6,2696,0.6875,5.0816023738872405,1.8905462691028462e-05,0
861,7,2699,0.6875,5.07595405705817,4.396413039107043e-06,0
862,7,2702,0.6875,5.070318282753516,2.8513051998363436e-05,0
863,7,2704,0.6875,5.066568047337278,9.237935260210569e-06,0
864,6,2707,0.6875,5.097894347986701,1.0285437377111822e-05,0
865,8,2710,0.6875,5.0922509225092245,3.091966461777279e-05,0
866,7,2712,0.6875,5.0884955752212395,5.706955320530037e-06,0
867,8,2716,0.6875,5.08100147275405,5.520362384283247e-06,0
868,6,2718,0.6875,5.077262693156733,1.3677016391033953e-05,0
869,8,2721,0.6875,5.071664829106946,3.5081632319962116e-05,0
870,6,2724,0.6875,5.066079295154185,2.2013980015352802e-05,0
871,8,2726,0.6875,5.062362435803375,2.9906480721792717e-05,0
872,7,2728,0.6875,5.058651026392962,2.477017015248992e-05,0
873,7,2731,0.6875,5.053094104723545,1.3985710841613554e-05,0
874,7,2733,0.6875,5.049396267837541,2.7120457217684938e-05,0
875,7,2736,0.6875,5.0438596491228065,3.0568043168066164e-05,0
876,7,2739,0.6875,5.074844833880979,3.524258762974894e-05,0
877,7,2743,0.6875,5.067444403937295,1.526382094564632e-05,0
878,7,2747,0.6875,5.060065526028395,4.128824632831794e-06,0
879,7,2751,0.6875,5.05270810614322,2.5800075726599284e-05,0
880,8,2755,0.6875,5.081669691470054,1.1867253436424089e-05,0
881,8,2759,0.6875,5.110547299746285,6.6727749742160814e-06,0
882,6,2763,0.6875,5.103148751357221,5.525947528012029e-06,0
883,7,2766,0.6875,5.097613882863341,1.455079659834737e-05,0
884,7,2770,0.6875,5.090252707581228,3.333178505723263e-05,0
885,6,2774,0.6875,5.082912761355443,2.1273271582005922e-05,0
886,7,2777,0.6875,5.077421678069859,8.000922619589958e-06,0
887,7,2781,0.6875,5.070118662351672,2.8358169092969368e-05,0
888,7,2784,0.6875,5.064655172413793,1.6414378078167202e-05,0
889,8,2786,0.6875,5.096913137114142,1.0117448307463872e-05,0
890,8,2790,0.6875,5.089605734767025,3.0799531913385145e-05,0
891,6,2794,0.6875,5.118110236220472,2.5377103028819398e-05,0
892,7,2798,0.6875,5.110793423874195,2.5978686382813933e-05,0
893,8,2801,0.6875,5.105319528739736,2.697462957425009e-05,0
894,8,2804,0.6875,5.099857346647646,1.3894518544461486e-05,0
895,8,2807,0.6875,5.09440684004275,3.4392179657993674e-05,0
896,8,2810,0.6875,5.088967971530249,3.243602363520086e-05,0
897,8,2814,0.6875,5.081734186211798,3.271283376439243e-05,0
898,7,2818,0.6875,5.0745209368346345,1.6114048842418274e-05,0
899,8,2822,0.6875,5.067328136073707,3.8581332520814315e-06,0
900,8,2824,0.6875,5.063739376770538,2.4882423511685065e-05,0
901,7,2828,0.6875,5.056577086280056,2.4125555914287246e-05,0
902,8,2832,0.6875,5.049435028248587,2.117343727237824e-05,0
903,7,2835,0.6875,5.044091710758377,1.1752287778500503e-05,0
904,6,2839,0.6875,5.036984853821768,3.121016522137741e-05,0
905,8,2842,0.6875,5.0316678395496135,2.6104968588872156e-05,0
906,8,2845,0.6875,5.061511423550088,1.5778910182260338e-05,0
907,7,2849,0.6875,5.054405054405054,1.903834075718447e-05,0
908,8,2852,0.6875,5.049088359046284,2.585321079180344e-05,0
909,8,2855,0.6875,5.078809106830122,8.316621846207744e-06,0
910,7,2859,0.6875,5.106680657572578,2.0230388332209387e-05,0
911,8,2862,0.6875,5.101327742837177,2.7879533827352123e-05,0
912,8,2865,0.6875,5.0959860383944156,2.878138151743179e-05,0
913,7,2869,0.6875,5.12373649355176,3.2657512890653406e-05,0
914,7,2871,0.6875,5.120167189132706,1.2551510853329107e-05,0
915,6,2875,0.6875,5.147826086956521,1.2766426234984725e-05,0
916,6,2879,0.6875,5.140673845085099,7.983012095111658e-06,0
917,7,2883,0.6875,5.1335414498785985,5.1521225041985e-06,0
918,7,2885,0.6875,5.12998266897747,2.9765487584802883e-05,0
919,7,2889,0.6875,5.157493942540672,2.9308235715211738e-05,0
920,8,2892,0.6875,5.152143845089903,7.829968092893058e-06,0
921,8,2895,0.6875,5.146804835924007,2.3329019936442437e-05,0
922,8,2897,0.6875,5.1432516396272,1.426300534002987e-05,0
923,8,2900,0.6875,5.172413793103448,1.8165809262148884e-05,0
924,8,2903,0.6875,5.1670685497760935,2.0242202308189627e-05,0
925,6,2907,0.6875,5.194358445132439,9.97229435048177e-06,0
926,7,2911,0.6875,5.18722088629337,1.8275813480335174e-05,0
927,7,2915,0.6875,5.180102915951972,2.5894125402232523e-05,0
928,7,2919,0.6875,5.173004453579993,2.2850433937758047e-05,0
929,8,2922,0.6875,5.167693360711842,1.5449828133442498e-05,0
930,5,2924,0.6875,5.164158686730507,1.0687546848157597e-05,0
931,7,2926,0.6875,5.160628844839371,2.0038165544006533e-05,0
932,8,2930,0.6875,5.15358361774744,3.150922244421634e-05,0
933,8,2933,0.6875,5.148312308216843,4.052085030088188e-06,0
934,8,2936,0.6875,5.143051771117166,1.760881733630701e-05,0
935,7,2939,0.6875,5.137801973460361,2.709286491945574e-05,0
936,8,2942,0.6875,5.1325628823929295,3.33569866965384e-05,0
937,8,2945,0.6875,5.127334465195246,3.2133070471775e-05,0
938,8,2948,0.6875,5.156037991858888,2.417890559477492e-05,0
939,8,2952,0.6875,5.149051490514905,3.2115914189674306e-05,0
940,7,2955,0.6875,5.143824027072759,1.6183646692159916e-05,0
941,7,2957,0.6875,5.140344944200203,7.4447349596186495e-06,0
942,8,2959,0.6875,5.170665765461305,8.764488001952473e-06,0
943,7,2961,0.6875,5.167173252279635,2.7682548855388652e-05,0
944,6,2964,0.6875,5.161943319838056,6.4143438352073406e-06,0
945,7,2966,0.6875,5.158462575859744,2.6944910750015167e-05,0
946,7,2969,0.6875,5.153250252610307,4.066567703877789e-06,0
947,7,2972,0.6875,5.148048452220727,2.871706612306835e-05,0
948,7,2976,0.6875,5.141129032258065,1.874021183342565e-05,0
949,8,2979,0.6875,5.16951997314535,4.315532021674863e-06,0
950,6,2982,0.6875,5.197853789403085,2.3943182079632443e-05,0
951,8,2986,0.6875,5.2243804420629605,5.594753997447552e-06,0
952,8,2990,0.6875,5.217391304347826,1.8099732170464882e-05,0
953,8,2992,0.6875,5.213903743315508,9.945629946337233e-06,0
954,7,2996,0.6875,5.2069425901201605,1.3140329386168514e-05,0
955,7,2998,0.6875,5.203468979319546,2.7650579499046227e-05,0
956,5,3000,0.6875,5.2,1.558328099253859e-05,0
957,7,3004,0.6875,5.193075898801598,2.320320082873331e-05,0
958,7,3007,0.6875,5.187894911872298,2.7603623075568475e-05,0
959,5,3009,0.6875,5.18444666001994,1.7950779401291014e-05,0
960,7,3013,0.6875,5.17756388981082,2.3360499938071122e-05,0
961,8,3016,0.6875,5.172413793103448,2.895122467820776e-05,0
962,7,3019,0.6875,5.167273931765486,1.420019979478183e-05,0
963,7,3022,0.6875,5.162144275314361,5.951867340817024e-06,0
964,8,3026,0.6875,5.155320555188368,2.8603558541517545e-05,0
965,8,3029,0.6875,5.150214592274678,3.268976635770315e-05,0
966,8,3033,0.6875,5.143422354104846,2.7526778194547285e-05,0
967,7,3037,0.6875,5.136648007902536,3.086459636921699e-05,0
968,8,3039,0.6875,5.133267522211254,1.8898638088199084e-05,0
969,8,3041,0.6875,5.129891483064782,1.2459333923153196e-05,0
970,7,3043,0.6875,5.126519881695695,9.495381601758371e-06,0
971,7,3045,0.6875,5.123152709359606,1.0484626783271316e-05,0
972,8,3049,0.6875,5.116431616923581,2.0312540343388768e-05,0
973,7,3053,0.6875,5.109728136259417,5.567705725082609e-06,0
974,6,3057,0.6875,5.103042198233562,1.470664469338472e-05,0
975,6,3061,0.6875,5.096373734073832,4.722211814526272e-06,0
976,8,3063,0.6875,5.093046033300686,2.6737638329642157e-05,0
977,7,3066,0.6875,5.088062622309197,2.8761544733867458e-05,0
978,6,3070,0.6875,5.081433224755701,2.9810278443320732e-05,0
979,7,3074,0.6875,5.107351984385166,1.9051747091316055e-05,0
980,7,3077,0.6875,5.102372440688983,9.588553403524788e-06,0
981,8,3081,0.6875,5.095748133722817,6.6624619854278175e-06,0
982,7,3084,0.6875,5.090791180285343,2.4437474505683115e-05,0
983,8,3088,0.6875,5.08419689119171,6.63275360443312e-06,0
984,7,3091,0.6875,5.0792623746360395,2.697282326680618e-05,0
985,8,3095,0.6875,5.072697899838449,2.83355327467267e-05,0
986,7,3098,0.6875,5.067785668173015,1.7719509633549724e-05,0
987,6,3101,0.6875,5.062882940986778,5.40516080271564e-06,0
988,8,3103,0.6875,5.059619722848856,3.158916559096591e-05,0
989,5,3106,0.6875,5.054732775273664,2.5295328163355862e-05,0
990,8,3109,0.6875,5.0498552589256995,2.3710339959828705e-05,0
991,8,3112,0.6875,5.044987146529563,2.602332631290769e-05,0
992,6,3115,0.6875,5.07223113964687,1.8326672769833977e-05,0
993,8,3119,0.6875,5.097787752484771,8.831966994087392e-06,0
994,8,3122,0.6875,5.092889173606662,2.212379809254929e-05,0
995,8,3125,0.6875,5.088,1.3156136527693643e-05,0
996,7,3128,0.6875,5.08312020460358,3.131277764396803e-05,0
997,7,3132,0.6875,5.076628352490421,1.552318669528911e-05,0
998,7,3135,0.6875,5.103668261562999,1.6683537783460067e-05,0
999,8,3138,0.6875,5.098789037603569,4.99976303962448e-06,0
1000,8,3140,0.6875,5.095541401273886,1.5161025714238963e-05,0
1001,8,3142,0.6875,5.124124761298536,2.8604037285272444e-05,0
1002,7,3145,0.6875,5.119236883942766,2.9673637422604915e-05,0
1003,8,3148,0.6875,5.1143583227446,3.0315550460229594e-05,0
1004,8,3152,0.6875,5.1395939086294415,2.529355912132556e-05,0
1005,7,3156,0.6875,5.133079847908745,2.5193528805950916e-05,0
1006,7,3160,0.6875,5.158227848101266,9.842988953463068e-06,0
1007,7,3163,0.6875,5.15333544103699,8.938009348728104e-06,0
1008,6,3167,0.6875,5.146826649826334,2.069502365919829e-05,0
1009,7,3169,0.6875,5.143578415904071,1.5519294208548865e-05,0
1010,8,3172,0.6875,5.138713745271122,1.1290904072875926e-05,0
1011,7,3176,0.6875,5.132241813602015,7.413502755936018e-06,0
1012,7,3179,0.6875,5.127398553004089,1.634479862107221e-05,0
1013,8,3181,0.6875,5.124174787802578,1.0479639123366563e-05,0
1014,7,3185,0.6875,5.1177394034536885,2.36135636394901e-05,0
1015,7,3189,0.6875,5.111320163060521,2.1846915247606965e-05,0
1016,8,3192,0.6875,5.106516290726817,7.103457282456031e-06,0
1017,7,3195,0.6875,5.101721439749609,2.911609006322467e-05,0
1018,7,3199,0.6875,5.095342294467021,8.929551041992898e-06,0
1019,6,3201,0.6875,5.092158700406123,5.4691952588398675e-06,0
1020,6,3205,0.6875,5.085803432137285,2.088780089771995e-05,0
1021,8,3209,0.6875,5.079464007478966,1.5096472090662302e-05,0
1022,8,3212,0.6875,5.074719800747198,1.7809420676188815e-05,0
1023,8,3214,0.6875,5.07156191661481,2.4502277984655328e-05,0
1024,8,3218,0.6875,5.065257924176507,6.4594425973095225e-06,0
1025,7,3222,0.6875,5.058969584109249,1.838766389587285e-05,0
1026,7,3226,0.6875,5.052696838189709,6.989299926996119e-06,0
1027,7,3229,0.6875,5.048002477547228,1.0133443050121646e-05,0
1028,8,3233,0.6875,5.041756882152799,2.959929170058732e-05,0
1029,7,3237,0.6875,5.03552672227371,2.956171336674568e-05,0
1030,8,3239,0.6875,5.032417412781723,1.6182262298698842e-05,0
1031,6,3242,0.6875,5.027760641579272,2.4604016858113057e-05,0
1032,8,3245,0.6875,5.0231124807395995,1.2894302089742002e-05,0
1033,6,3247,0.6875,5.050816137973515,1.824282747508672e-05,0
1034,8,3250,0.6875,5.076923076923077,2.5885880903725355e-05,0
1035,8,3254,0.6875,5.070682237246467,2.562926628293022e-05,0
1036,6,3256,0.6875,5.0675675675675675,1.65196128335539e-05,0
1037,6,3260,0.6875,5.0920245398773005,1.3004306066270228e-05,0
1038,8,3263,0.6875,5.087342935948513,1.226937610892485e-05,0
1039,8,3267,0.6875,5.081114172023263,6.9050660874294776e-06,0
1040,8,3270,0.6875,5.07645259938838,2.0071308198315814e-05,0
1041,7,3274,0.6875,5.070250458155162,1.293350331606979e-05,0
1042,7,3276,0.6875,5.067155067155067,5.6235931311200055e-06,0
1043,8,3279,0.6875,5.062519060689234,1.4434927251821755e-05,0
1044,6,3283,0.6875,5.0563508985683825,1.8717663059590503e-05,0
1045,7,3287,0.6875,5.050197748707028,2.6171088663571423e-05,0
1046,7,3290,0.6875,5.045592705167174,3.0338580243226104e-05,0
1047,7,3293,0.6875,5.071363498329791,1.0907634745541748e-05,0
1048,7,3297,0.6875,5.095541401273886,1.1423223068867091e-05,0
1049,8,3300,0.6875,5.090909090909091,1.5443109378047463e-05,0
1050,6,3303,0.6875,5.086285195277021,1.655127811614257e-05,0
1051,7,3306,0.6875,5.081669691470054,9.035240993066534e-06,0
1052,8,3308,0.6875,5.078597339782346,1.2780495457652749e-05,0
1053,6,3311,0.6875,5.07399577167019,1.7378788121359368e-05,0
1054,7,3315,0.6875,5.067873303167421,8.201509199536646e-06,0
1055,6,3319,0.6875,5.061765592045797,8.299425083775181e-06,0
1056,6,3323,0.6875,5.055672585013542,2.082296924569426e-05,0
1057,7,3325,0.6875,5.052631578947368,2.9956272969621156e-05,0
1058,8,3329,0.6875,5.046560528687293,2.038540418236326e-05,0
1059,6,3333,0.6875,5.0405040504050405,1.3614932142648439e-05,0
1060,8,3336,0.6875,5.0359712230215825,1.2683919597350883e-05,0
1061,7,3339,0.6875,5.031446540880504,1.3542808706478904e-05,0
1062,7,3343,0.6875,5.025426263834879,9.19600153082104e-06,0
1063,7,3347,0.6875,5.0194203764565275,2.8316519642292732e-05,0
1064,7,3350,0.6875,5.014925373134329,5.125711910902177e-06,0
1065,8,3354,0.6875,5.008944543828265,2.0213896436834314e-05,0
1066,6,3357,0.6875,5.004468275245755,1.762440727569445e-05,0
1067,8,3359,0.6875,5.001488538255433,1.1541021543198662e-05,0
1068,6,3362,0.6875,4.997025580011898,2.040750542732911e-05,0
1069,7,3365,0.6875,4.992570579494799,2.549385402180561e-05,0
1070,6,3369,0.6875,4.986642920747997,1.0244714613196831e-05,0
1071,8,3373,0.6875,4.980729321079158,4.4523720698803105e-06,0
1072,7,3375,0.6875,5.007407407407408,1.2936083023955332e-05,0
1073,7,3377,0.6875,5.004441812259402,2.0773254424856836e-05,0
1074,7,3381,0.6875,5.028098195800059,2.019645336715899e-05,0
1075,8,3384,0.6875,5.0236406619385345,2.3340196035990663e-05,0
1076,7,3387,0.6875,5.019191024505462,1.1496444797963415e-05,0
1077,5,3391,0.6875,5.013270421704512,2.0413872203746936e-05,0
1078,8,3394,0.6875,5.008839127872716,3.12173816633076e-06,0
1079,8,3398,0.6875,5.002942907592701,1.4917549370339935e-05,0
1080,8,3401,0.6875,5.027932960893855,8.949264132004094e-06,0
1081,7,3404,0.6875,5.023501762632197,2.2688135954913723e-05,0
1082,8,3406,0.6875,5.020551967116853,2.6563038289166684e-05,0
1083,6,3410,0.6875,5.0146627565982405,1.805718433247918e-05,0
1084,8,3412,0.6875,5.011723329425557,9.319559366917355e-06,0
1085,8,3415,0.6875,5.007320644216691,1.6265094273145552e-05,0
1086,7,3419,0.6875,5.001462415911085,1.65516746068973e-05,0
1087,6,3421,0.6875,4.998538439052909,2.0144547797203495e-05,0
1088,8,3425,0.6875,4.992700729927008,1.3920591578015665e-05,0
1089,8,3429,0.6875,4.986876640419948,1.0192554327850203e-05,0
1090,7,3432,0.6875,4.9825174825174825,2.830051610454551e-05,0
1091,7,3436,0.6875,4.976717112922002,1.093650693043993e-05,0
1092,6,3440,0.6875,4.970930232558139,1.727435758459169e-05,0
1093,6,3442,0.6875,4.997094712376525,7.652740829868038e-06,0
1094,8,3446,0.6875,5.02031340684852,1.0280196385184215e-05,0
1095,8,3450,0.6875,5.0144927536231885,2.6245587943119856e-05,0
1096,7,3453,0.6875,5.010136113524472,2.1396954901983616e-05,0
1097,8,3455,0.6875,5.0072358900144724,2.5692403639433893e-05,0
1098,7,3459,0.6875,5.001445504481064,1.8707879387438603e-05,0
1099,7,3463,0.6875,4.995668495524113,5.716716748196073e-06,0
1100,7,3465,0.6875,4.992784992784992,2.52279215216116e-05,0
1101,6,3469,0.6875,4.987027961948688,2.1173846498318363e-05,0
1102,7,3473,0.6875,4.981284192340916,8.01283283191869e-06,0
1103,6,3476,0.6875,4.97698504027618,1.9450207450557026e-05,0
1104,8,3479,0.6875,4.972693302673182,2.3770270766079816e-05,0
1105,8,3481,0.6875,4.969836253950014,1.7350586691454528e-05,0
1106,8,3483,0.6875,4.995693367786391,9.435905516182038e-06,0
1107,6,3485,0.6875,4.992826398852223,1.5133010658044809e-05,0
1108,8,3489,0.6875,4.987102321582116,5.044581854337175e-06,0
1109,6,3491,0.6875,4.984245201947866,2.638738481600666e-05,0
1110,7,3495,0.6875,5.007153075822604,2.378238550891841e-05,0
1111,8,3499,0.6875,5.001428979708488,1.0960330950267503e-05,0
1112,8,3503,0.6875,4.995717956037682,3.0804926273304437e-06,0
1113,8,3505,0.6875,4.9928673323823105,1.9383991985759497e-05,0
1114,7,3509,0.6875,4.987175833570818,2.744751669193537e-05,0
1115,8,3512,0.6875,4.982915717539863,5.399519401082392e-06,0
1116,8,3516,0.6875,4.977246871444824,1.4777138577123222e-05,0
1117,6,3520,0.6875,5.0,2.444622632611198e-05,0
1118,7,3524,0.6875,4.994324631101021,1.618312192570975e-05,0
1119,8,3527,0.6875,4.990076552310746,1.9979155804986957e-05,0
1120,7,3530,0.6875,4.985835694050992,1.9216478607114898e-05,0
1121,8,3533,0.6875,5.009906594961789,2.154242084185607e-05,0
1122,7,3536,0.6875,5.005656108597285,2.547423206525314e-05,0
1123,7,3540,0.6875,5.0,1.8802346822165128e-05,0
1124,7,3544,0.6875,4.994356659142212,1.8786567971827982e-05,0
1125,7,3547,0.6875,4.990132506343389,6.523114810399252e-06,0
1126,7,3551,0.6875,4.984511405237961,1.771608378782567e-05,0
1127,8,3554,0.6875,5.008441193021947,1.2037494365959909e-05,0
1128,6,3558,0.6875,5.002810567734682,1.1881641929080393e-05,0
1129,8,3560,0.6875,5.0,2.466701140955179e-05,0
1130,6,3563,0.6875,4.995790064552343,1.1715665352014092e-05,0
1131,7,3567,0.6875,5.018222596019064,2.910513271380511e-06,0
1132,6,3571,0.6875,5.04060487258471,2.6841042796453528e-05,0
1133,7,3574,0.6875,5.036373810856184,1.5453586526565142e-05,0
1134,5,3576,0.6875,5.033557046979865,6.44104368436436e-06,0
1135,8,3580,0.6875,5.027932960893855,6.696002701594152e-06,0
1136,8,3583,0.6875,5.023723137036003,1.5744910981774984e-05,0
1137,7,3587,0.6875,5.018120992472818,2.7029079056150608e-05,0
1138,7,3591,0.6875,5.012531328320802,1.570691334839976e-05,0
1139,7,3595,0.6875,5.006954102920723,1.986683554817878e-05,0
1140,7,3597,0.6875,5.0319710870169585,1.3630276538152823e-05,0
1141,8,3600,0.6875,5.027777777777778,2.23185550589395e-05,0
1142,7,3604,0.6875,5.02219755826859,2.6432581886202474e-05,0
1143,8,3608,0.6875,5.016629711751663,1.3921562701035164e-05,0
1144,7,3610,0.6875,5.013850415512466,1.9574407166445487e-05,0
1145,7,3613,0.6875,5.009687240520344,3.899042250166134e-06,0
1146,8,3617,0.6875,5.004147083218136,9.487343051728974e-06,0
1147,8,3621,0.6875,4.998619165976249,9.102926456109463e-06,0
1148,7,3623,0.6875,4.995859784708805,2.7578467271882113e-05,0
1149,6,3626,0.6875,4.991726420297849,2.1205643554663344e-05,0
1150,7,3628,0.6875,4.9889746416758545,3.892722977100918e-06,0
1151,8,3630,0.6875,4.986225895316805,3.815952238177242e-06,0
1152,8,3633,0.6875,4.9821084503165425,2.618043994139978e-05,0
1153,8,3637,0.6875,4.976629089909266,1.9098990030506522e-05,0
1154,6,3640,0.6875,4.972527472527473,2.1078702749372648e-05,0
1155,8,3643,0.6875,4.9958825144112,5.860008126094298e-06,0
1156,7,3646,0.6875,4.991771804717499,4.2417385824227516e-06,0
1157,7,3648,0.6875,4.989035087719299,1.76027555160556e-05,0
1158,7,3652,0.6875,4.983570646221248,1.5194160767579981e-05,0
1159,7,3656,0.6875,5.0054704595186,7.521563638579301e-06,0
1160,8,3658,0.6875,5.030071077091307,1.19865450171357e-05,0
1161,8,3661,0.6875,5.0259491942092325,7.766841960991315e-06,0
1162,8,3663,0.6875,5.023205023205024,2.6013012989465796e-05,0
1163,6,3667,0.6875,5.017725661303518,4.136364527935113e-06,0
1164,7,3670,0.6875,5.013623978201634,2.8458308720107824e-06,0
1165,8,3673,0.6875,5.009528995371631,9.875517266642857e-06,0
1166,8,3675,0.6875,5.034013605442176,2.096547372733705e-05,0
1167,8,3678,0.6875,5.029907558455682,2.0156306797888958e-05,0
1168,7,3682,0.6875,5.024443237370995,1.4607068162528318e-05,0
1169,8,3686,0.6875,5.018990775908844,2.2965498467811354e-05,0
1170,8,3689,0.6875,5.014909189482244,1.2688356746147659e-05,0
1171,8,3693,0.6875,5.03655564581641,2.1995457428028054e-05,0
1172,8,3695,0.6875,5.03382949932341,2.221330169452046e-05,0
1173,8,3698,0.6875,5.029745808545159,3.589562895820481e-06,0
1174,3,3702,0.6875,5.024311183144246,1.0154508346571167e-05,0
1175,7,3705,0.6875,5.0472334682861,7.89738574056467e-06,0
1176,7,3709,0.6875,5.041790239956861,2.5679497577855115e-05,0
1177,6,3711,0.6875,5.066019940716788,2.0550700228190127e-05,0
1178,8,3715,0.6875,5.060565275908479,2.2353561037812383e-05,0
1179,6,3718,0.6875,5.056481979558903,2.1863056716356977e-05,0
1180,7,3720,0.6875,5.053763440860215,1.3421002832309918e-05,0
1181,7,3723,0.6875,5.049691109320441,8.708714136121061e-06,0
1182,7,3725,0.6875,5.046979865771812,2.384149877000078e-05,0
1183,6,3727,0.6875,5.0711027636168495,6.198249094361703e-06,0
1184,7,3729,0.6875,5.068382944489139,3.116912358561411e-06,0
1185,8,3731,0.6875,5.065666041275797,5.99134784006465e-06,0
1186,7,3734,0.6875,5.0615961435457955,1.8719769929210165e-05,0
1187,8,3738,0.6875,5.056179775280898,1.1904519030697263e-05,0
1188,6,3741,0.6875,5.078855920876771,2.6504374760761278e-05,0
1189,7,3744,0.6875,5.0747863247863245,2.5642444663912777e-05,0
1190,8,3748,0.6875,5.069370330843117,4.61765857955201e-06,0
1191,7,3752,0.6875,5.063965884861407,1.73951262747046e-05,0
1192,8,3755,0.6875,5.086551264980026,1.4723769759619741e-05,0
1193,7,3757,0.6875,5.08384349214799,1.9519276884859205e-05,0
1194,6,3760,0.6875,5.079787234042553,9.390792752849263e-06,0
1195,7,3763,0.6875,5.075737443529099,8.059461035397168e-06,0
1196,6,3766,0.6875,5.071694105151354,2.615496050021296e-05,0
1197,7,3769,0.6875,5.067657203502255,2.5884227287678897e-05,0
1198,7,3773,0.6875,5.08878876225815,1.1730414418966191e-05,0
1199,7,3776,0.6875,5.111228813559323,1.616016626749578e-05,0
1200,8,3778,0.6875,5.1085230280571725,5.6248088642884985e-06,0
1201,7,3780,0.6875,5.105820105820106,8.79166266186632e-06,0
1202,7,3784,0.6875,5.126849894291754,2.296605435165777e-05,0
1203,5,3788,0.6875,5.12143611404435,2.2715486857203304e-05,0
1204,7,3791,0.6875,5.117383276180427,1.7932063502579284e-05,0
1205,8,3793,0.6875,5.114684945953071,1.60398325482021e-05,0
1206,8,3796,0.6875,5.136986301369863,1.7509744499731912e-05,0
1207,8,3799,0.6875,5.132929718346933,1.861934465954779e-05,0
1208,8,3801,0.6875,5.130228887134964,1.981534040567956e-05,0
1209,8,3805,0.6875,5.151116951379763,2.0680829414651166e-05,0
1210,8,3808,0.6875,5.173319327731092,5.741532838097887e-06,0
1211,8,3810,0.6875,5.170603674540683,1.1806946833912173e-05,0
1212,8,3814,0.6875,5.165180912427897,2.3566117649941592e-05,0
1213,8,3818,0.6875,5.185961236249345,2.1045320923797803e-05,0
1214,8,3821,0.6875,5.1818895577074064,5.000682383824878e-06,0
1215,7,3823,0.6875,5.1791786555061465,4.590396984853482e-06,0
1216,6,3825,0.6875,5.176470588235294,1.1214851509003558e-05,0
1217,7,3827,0.6875,5.173765351450222,2.1360883996706367e-05,0
1218,6,3830,0.6875,5.169712793733681,1.8095424586379824e-05,0
1219,7,3834,0.6875,5.164319248826291,4.590714690342422e-06,0
1220,7,3836,0.6875,5.1616266944734095,2.1069242001278965e-05,0
1221,8,3840,0.6875,5.15625,2.015016724642116e-05,0
1222,7,3844,0.6875,5.150884495317378,2.4991538017996526e-05,0
1223,8,3848,0.6875,5.145530145530146,1.56534147871361e-05,0
1224,8,3852,0.6875,5.166147455867082,4.9657986428626615e-06,0
1225,7,3855,0.6875,5.188067444876784,1.3114153177601727e-05,0
1226,7,3857,0.6875,5.185377236193933,1.53946349266248e-05,0
1227,8,3860,0.6875,5.181347150259067,1.7428148730939656e-05,0
1228,5,3862,0.6875,5.178663904712584,1.3848610062608546e-05,0
1229,7,3865,0.6875,5.17464424320828,2.1529390002208025e-05,0
1230,8,3869,0.6875,5.169294391315585,1.656692807813606e-05,0
1231,7,3871,0.6875,5.192456729527254,1.728993662095206e-05,0
1232,7,3874,0.6875,5.214248838409912,2.2964950091150277e-05,0
1233,7,3877,0.6875,5.210214083053907,2.716463451601056e-06,0
1234,7,3880,0.6875,5.206185567010309,6.25435432450925e-06,0
1235,7,3883,0.6875,5.227916559361319,1.019434752335168e-05,0
1236,6,3886,0.6875,5.249613998970664,4.763964477683468e-06,0
1237,7,3889,0.6875,5.245564412445359,2.5975597114761168e-06,0
1238,7,3891,0.6875,5.242868157286044,7.901143070386677e-06,0
1239,7,3895,0.6875,5.2374839537869065,2.392477608958089e-05,0
1240,8,3898,0.6875,5.233453052847614,1.252944831549518e-05,0
1241,8,3902,0.6875,5.2280881599179905,1.0458126890036358e-05,0
1242,6,3904,0.6875,5.251024590163935,2.419015121857564e-05,0
1243,7,3907,0.6875,5.246992577425134,4.243374482321901e-06,0
1244,8,3911,0.6875,5.241626182562005,1.632830905706205e-05,0
1245,8,3913,0.6875,5.238947099412216,1.8531366650445708e-05,0
1246,7,3916,0.6875,5.234933605720123,1.3683410648525042e-05,0
1247,7,3918,0.6875,5.232261357835631,1.3518296977194706e-05,0
1248,8,3921,0.6875,5.228258097424127,1.1431323018644659e-05,0
1249,7,3924,0.6875,5.224260958205913,1.3883818749931635e-05,0
1250,7,3928,0.6875,5.218940936863544,8.832161835493965e-06,0
1251,5,3932,0.6875,5.213631739572736,2.515801114237708e-05,0
1252,7,3936,0.6875,5.208333333333334,1.2222459635551255e-05,0
1253,6,3939,0.6875,5.204366590505204,2.0153339925708595e-05,0
1254,8,3942,0.6875,5.200405885337392,2.2894533090964033e-05,0
1255,6,3946,0.6875,5.220476431829701,2.1328928936742713e-05,0
1256,6,3949,0.6875,5.216510508989618,2.109596075023613e-05,0
1257,7,3953,0.6875,5.211231975714647,1.5806878390171818e-05,0
1258,5,3957,0.6875,5.2059641142279505,3.615659529489899e-06,0
1259,6,3959,0.6875,5.203334175296792,3.3956968962342424e-06,0
1260,8,3962,0.6875,5.199394245330641,1.2163926430491468e-05,0
1261,7,3965,0.6875,5.220680958385877,7.174422826945874e-06,0
1262,8,3968,0.6875,5.216733870967742,1.6182812581268144e-05,0
1263,6,3972,0.6875,5.211480362537765,2.2016203969298246e-05,0
1264,4,3976,0.6875,5.23138832997988,1.8591382131766397e-05,0
1265,7,3978,0.6875,5.228758169934641,3.851692069875423e-06,0
1266,7,3981,0.6875,5.249937201708113,2.2772467618104315e-05,0
1267,8,3984,0.6875,5.245983935742972,1.2433124028186853e-05,0
1268,8,3987,0.6875,5.242036619011788,1.698409002051294e-05,0
1269,7,3990,0.6875,5.238095238095238,1.3309868982118331e-05,0
1270,6,3992,0.6875,5.235470941883767,1.4280755742049559e-05,0
1271,8,3994,0.6875,5.2578868302453685,1.92921055722371e-05,0
1272,6,3997,0.6875,5.253940455341506,1.3103830711956237e-05,0
1273,7,4001,0.6875,5.248687828042989,2.003821273950786e-05,0
1274,7,4005,0.6875,5.2434456928838955,2.469269042115663e-05,0
1275,5,4008,0.6875,5.239520958083832,7.018325309849901e-06,0
1276,7,4012,0.6875,5.234297108673978,1.7016108432041623e-05,0
1277,8,4014,0.6875,5.23168908819133,2.0038495855556417e-05,0
1278,7,4016,0.6875,5.229083665338646,2.0983983613733275e-05,0
1279,8,4020,0.6875,5.248756218905473,7.969356564548054e-06,0
1280,7,4024,0.6875,5.243538767395626,1.9045712899372718e-05,0
1281,7,4027,0.6875,5.239632480754905,1.7431459959668985e-05,0
1282,6,4030,0.6875,5.235732009925558,4.129927751764939e-06,0
1283,8,4033,0.6875,5.231837341929086,1.1655840032842378e-05,0
1284,7,4035,0.6875,5.229244114002478,1.048643310393075e-05,0
1285,8,4038,0.6875,5.2253590886577514,2.2667883350456704e-05,0
1286,8,4041,0.6875,5.221479831724821,1.2894214079017018e-05,0
1287,8,4044,0.6875,5.2176063303659745,1.0630955775627432e-05,0
1288,6,4046,0.6875,5.215027187345527,2.2069902019022133e-05,0
1289,8,4050,0.6875,5.209876543209877,2.3036025239826784e-05,0
1290,7,4053,0.6875,5.206020231926968,1.7050588969867544e-05,0
1291,8,4057,0.6875,5.200887355188563,2.3865711880571767e-05,0
1292,7,4060,0.6875,5.197044334975369,1.4715147892379145e-05,0
1293,7,4062,0.6875,5.1944854751354015,1.8907256161324215e-05,0
1294,8,4064,0.6875,5.191929133858268,1.6846545325496613e-05,0
1295,7,4068,0.6875,5.186823992133727,1.2846147295850476e-05,0
1296,7,4072,0.6875,5.181728880157171,1.2312069431623164e-05,0
1297,8,4075,0.6875,5.2024539877300615,9.822540323167058e-06,0
1298,8,4078,0.6875,5.198626777832271,7.918848009168812e-06,0
1299,7,4082,0.6875,5.193532582067614,7.696289970201842e-06,0
1300,7,4086,0.6875,5.188448360254528,4.914887247594115e-06,0
1301,8,4089,0.6875,5.184641721692345,1.2590659555899779e-05,0
1302,8,4092,0.6875,5.180840664711632,6.456983756472316e-06,0
1303,7,4096,0.6875,5.17578125,2.0144902435117443e-05,0
1304,7,4100,0.6875,5.170731707317073,1.142335557032161e-05,0
1305,8,4102,0.6875,5.168210628961482,1.4428812485775124e-05,0
1306,7,4106,0.6875,5.187530443253776,9.55290968762534e-06,0
1307,8,4108,0.6875,5.185004868549172,1.1304350082211298e-05,0
1308,7,4111,0.6875,5.181221114084165,8.228985538197541e-06,0
1309,7,4115,0.6875,5.1761846901579585,1.3304949916528984e-05,0
1310,7,4119,0.6875,5.17115804806992,1.5252385223352765e-05,0
1311,6,4121,0.6875,5.168648386314001,1.2316117175709365e-05,0
1312,8,4125,0.6875,5.163636363636363,1.1021556909025882e-05,0
1313,7,4127,0.6875,5.18536467167434,1.239521424140722e-05,0
1314,7,4131,0.6875,5.180343742435245,2.0032741101056215e-05,0
1315,6,4133,0.6875,5.177836922332446,1.0882462776342389e-05,0
1316,6,4135,0.6875,5.175332527206771,3.658789396261198e-06,0
1317,7,4137,0.6875,5.197002658931593,1.8030978240763634e-05,0
1318,7,4140,0.6875,5.193236714975845,2.0019043522653257e-05,0
1319,8,4143,0.6875,5.18947622495776,2.293220738105931e-05,0
1320,7,4146,0.6875,5.1857211770381095,2.0495933653463332e-05,0
1321,7,4148,0.6875,5.183220829315332,6.514028815717366e-06,0
1322,8,4150,0.6875,5.1807228915662655,6.197517251270891e-06,0
1323,6,4154,0.6875,5.175734232065479,4.670690742747018e-06,0
1324,8,4156,0.6875,5.1732435033686235,1.9999701068101155e-05,0
1325,8,4158,0.6875,5.170755170755171,4.29742226248805e-06,0
1326,8,4162,0.6875,5.165785679961557,2.146586424140311e-05,0
1327,7,4166,0.6875,5.1608257321171385,1.0402417106384487e-05,0
1328,5,4170,0.6875,5.155875299760192,4.974834109376801e-06,0
1329,7,4172,0.6875,5.15340364333653,1.6577829004284213e-05,0
1330,8,4175,0.6875,5.149700598802395,1.00245644859619e-05,0
1331,8,4179,0.6875,5.144771476429768,7.532457306928851e-06,0
1332,7,4183,0.6875,5.1398517810184075,1.975370957844152e-05,0
1333,6,4185,0.6875,5.137395459976105,1.8276158457349522e-05,0
1334,7,4187,0.6875,5.158824934320516,1.5095204094675983e-05,0
1335,6,4189,0.6875,5.156361900214848,7.991229906027994e-06,0
1336,8,4192,0.6875,5.152671755725191,1.536929789210164e-05,0
1337,7,4194,0.6875,5.150214592274678,4.712561738062454e-06,0
1338,6,4198,0.6875,5.145307289185326,2.6703186644797684e-06,0
1339,7,4202,0.6875,5.140409328891004,1.8255684608813284e-05,0
1340,6,4205,0.6875,5.136741973840666,1.2524229478523327e-05,0
1341,6,4209,0.6875,5.155618911855547,1.4138814035369093e-05,0
1342,8,4213,0.6875,5.150723949679564,1.091539208557082e-05,0
1343,6,4217,0.6875,5.145838273654257,8.000594252203235e-06,0
1344,6,4219,0.6875,5.14339890969424,1.8211820980557675e-05,0
1345,8,4222,0.6875,5.139744197063003,1.861231736893857e-05,0
1346,8,4225,0.6875,5.159763313609467,5.047940499344859e-06,0
1347,8,4229,0.6875,5.178529203121305,5.174212791663493e-06,0
1348,7,4233,0.6875,5.173635719347979,3.7469444920451033e-06,0
1349,7,4237,0.6875,5.168751475100307,1.198040263437297e-05,0
1350,8,4240,0.6875,5.165094339622642,1.2595425208300155e-05,0
1351,8,4242,0.6875,5.162659123055162,1.470854738265538e-05,0
1352,8,4244,0.6875,5.160226201696513,1.5422172463126424e-05,0
1353,8,4246,0.6875,5.157795572303344,1.9287582714415634e-05,0
1354,8,4250,0.6875,5.152941176470588,5.375210053843665e-06,0
1355,8,4254,0.6875,5.148095909732017,9.782594074049852e-06,0
1356,7,4258,0.6875,5.143259746359793,4.595756137606677e-06,0
1357,8,4262,0.6875,5.138432660722665,1.1012198147271981e-05,0
1358,5,4265,0.6875,5.1348182883939035,9.67393761147861e-06,0
1359,8,4268,0.6875,5.131208997188379,8.899993546848547e-06,0
1360,6,4272,0.6875,5.126404494382022,1.2059319402397008e-05,0
1361,5,4276,0.6875,5.1216089803554725,1.115914739673857e-05,0
1362,8,4279,0.6875,5.118018228558075,1.8942584129792936e-05,0
1363,6,4281,0.6875,5.1156271899089,1.943741407857378e-05,0
1364,8,4283,0.6875,5.113238384310063,2.2012147753881757e-05,0
1365,7,4286,0.6875,5.10965935604293,2.275060869943672e-05,0
1366,7,4289,0.6875,5.106085334576824,2.3240970479761194e-05,0
1367,7,4292,0.6875,5.102516309412861,4.1991802630660165e-06,0
1368,8,4296,0.6875,5.097765363128492,1.0406872788957221e-05,0
1369,7,4299,0.6875,5.117469178878809,4.175621614712891e-06,0
1370,6,4303,0.6875,5.112712061352545,1.5103583377989909e-05,0
1371,6,4306,0.6875,5.1091500232234095,7.354123422643344e-06,0
1372,6,4310,0.6875,5.104408352668213,5.6869814861491616e-06,0
1373,6,4312,0.6875,5.1020408163265305,2.1909450282270535e-05,0
1374,7,4316,0.6875,5.097312326227989,1.214194269948825e-05,0
1375,8,4318,0.6875,5.094951366373321,1.1144488365716772e-05,0
1376,8,4322,0.6875,5.090236001850995,1.495248164422341e-05,0
1377,8,4326,0.6875,5.085529357374018,2.0510270007253462e-05,0
1378,8,4329,0.6875,5.0820050820050815,2.761543715035846e-06,0
1379,5,4332,0.6875,5.078485687903971,2.106173643760161e-05,0
1380,4,4335,0.6875,5.074971164936563,1.1382276841959967e-05,0
1381,8,4338,0.6875,5.0714615029967725,5.300644262726645e-06,0
1382,7,4341,0.6875,5.090992858788298,9.972201101965267e-06,0
1383,5,4344,0.6875,5.087476979742173,7.926009956446971e-06,0
1384,7,4347,0.6875,5.0839659535311705,1.890506170698697e-05,0
1385,8,4350,0.6875,5.103448275862069,2.2534468280326382e-05,0
1386,7,4354,0.6875,5.098759761139182,1.792743572068006e-05,0
1387,8,4358,0.6875,5.0940798531436435,2.290846954137281e-05,0
1388,7,4360,0.6875,5.091743119266055,1.4334833616631052e-05,0
1389,8,4363,0.6875,5.111162044464818,2.23513830694905e-05,0
1390,8,4367,0.6875,5.129379436684223,3.902196869310236e-06,0
1391,7,4369,0.6875,5.127031357289997,4.725068713991326e-06,0
1392,7,4373,0.6875,5.122341641893437,1.1841927232934248e-05,0
1393,7,4377,0.6875,5.11766049805803,1.2606144448694943e-05,0
1394,6,4380,0.6875,5.114155251141553,2.0605938244260425e-05,0
1395,8,4384,0.6875,5.109489051094891,6.828053032183959e-06,0
1396,8,4387,0.6875,5.1059949851834965,5.779763397172639e-06,0
1397,6,4390,0.6875,5.10250569476082,5.909582398739909e-06,0
1398,8,4394,0.6875,5.12061902594447,1.4421282206262361e-05,0
1399,8,4398,0.6875,5.115961800818554,2.0973069025221354e-05,0
1400,7,4401,0.6875,5.1351965462394915,1.5065009531108093e-05,0
1401,7,4404,0.6875,5.131698455949137,1.7420154177846636e-05,0
1402,8,4406,0.6875,5.129369042215161,1.0244777342254927e-05,0
1403,8,4409,0.6875,5.125878884100703,8.426419768714258e-06,0
1404,7,4413,0.6875,5.143893043281214,5.391838182166787e-06,0
1405,8,4415,0.6875,5.141562853907135,7.670169000912119e-06,0
1406,8,4419,0.6875,5.136908802896583,1.9860145754706677e-05,0
1407,6,4423,0.6875,5.154872258647977,1.8642621475423653e-05,0
1408,8,4427,0.6875,5.150214592274678,1.5831729370214732e-05,0
1409,8,4431,0.6875,5.145565335138795,1.4498768197631996e-05,0
1410,8,4434,0.6875,5.142083897158322,2.0873025868844408e-05,0
1411,7,4438,0.6875,5.137449301487156,9.809479947017054e-06,0
1412,7,4441,0.6875,5.133978833596037,1.5434406148652784e-05,0
1413,7,4445,0.6875,5.129358830146232,1.8620344340999007e-05,0
1414,7,4449,0.6875,5.124747134187458,1.0993303229262776e-05,0
1415,8,4451,0.6875,5.1224443945180855,3.6553356574007538e-06,0
1416,8,4453,0.6875,5.142600494048956,8.393969554128847e-06,0
1417,7,4457,0.6875,5.137985191833072,1.1678602787874915e-05,0
1418,6,4460,0.6875,5.134529147982063,5.130212491683267e-06,0
1419,7,4462,0.6875,5.132227700582699,9.42257501311146e-06,0
1420,7,4465,0.6875,5.1511758118701,5.4995523337547195e-06,0
1421,8,4469,0.6875,5.168941597672857,6.74899917210442e-06,0
1422,6,4471,0.6875,5.166629389398345,3.2181094325140584e-06,0
1423,7,4475,0.6875,5.162011173184357,1.8569420170900674e-05,0
1424,7,4479,0.6875,5.157401205626256,1.0754999295019279e-05,0
1425,8,4481,0.6875,5.155099308190136,8.410897933992288e-06,0
1426,7,4485,0.6875,5.172798216276477,1.5977009467508954e-05,0
1427,7,4489,0.6875,5.1681889062151924,3.275622329721386e-06,0
1428,6,4491,0.6875,5.188154085949677,3.499337076937382e-06,0
1429,8,4495,0.6875,5.183537263626251,7.173299983028323e-06,0
1430,7,4497,0.6875,5.181231932399378,1.8313942526105448e-05,0
1431,8,4499,0.6875,5.178928650811292,1.1412541169554273e-05,0
1432,7,4501,0.6875,5.198844701177516,6.124035184398896e-06,0
1433,7,4505,0.6875,5.194228634850166,1.084475294212201e-05,0
1434,5,4509,0.6875,5.189620758483033,2.070353571053287e-05,0
1435,7,4511,0.6875,5.187319884726225,1.0556666582137354e-05,0
1436,8,4514,0.6875,5.183872396987152,2.2026298599281926e-05,0
1437,5,4516,0.6875,5.181576616474756,1.2433140569824646e-05,0
1438,8,4519,0.6875,5.178136755919451,5.6831972014140725e-06,0
1439,8,4522,0.6875,5.174701459531181,2.1716902971155686e-05,0
1440,8,4526,0.6875,5.19222271321255,1.1512076694304044e-05,0
1441,7,4530,0.6875,5.187637969094923,1.4019725689955438e-05,0
1442,7,4532,0.6875,5.185348631950574,3.5021031474089183e-06,0
1443,6,4535,0.6875,5.181918412348401,1.2485532555922248e-05,0
1444,8,4537,0.6875,5.179634119462199,1.2838320514083373e-05,0
1445,7,4540,0.6875,5.176211453744493,1.9167364468891687e-05,0
1446,7,4542,0.6875,5.173932188463232,1.1082061288527576e-05,0
1447,7,4544,0.6875,5.171654929577465,1.7366288143331484e-05,0
1448,8,4548,0.6875,5.167106420404574,1.2581353458867542e-05,0
1449,7,4550,0.6875,5.164835164835164,2.1258472214850856e-05,0
1450,8,4552,0.6875,5.1625659050966615,1.945906166753765e-05,0
1451,8,4554,0.6875,5.160298638559508,1.687912019956317e-05,0
1452,6,4557,0.6875,5.156901470265526,7.195252189246275e-06,0
1453,7,4560,0.6875,5.1535087719298245,4.2010925329404885e-06,0
1454,8,4563,0.6875,5.150120534735919,5.196950887837012e-06,0
1455,7,4566,0.6875,5.146736749890495,8.024171487946288e-06,0
1456,8,4568,0.6875,5.144483362521892,2.1277268071091576e-05,0
1457,5,4572,0.6875,5.139982502187227,4.77755710518258e-06,0
1458,8,4574,0.6875,5.137735024048973,2.6759887031611362e-06,0
1459,7,4577,0.6875,5.134367489622023,3.4739819016691022e-06,0
1460,8,4580,0.6875,5.131004366812228,1.6813192629157776e-05,0
1461,7,4582,0.6875,5.128764731558272,2.1568148675674085e-05,0
1462,7,4585,0.6875,5.14721919302072,5.638370246671278e-06,0
1463,6,4587,0.6875,5.144974929147591,9.733173537267218e-06,0
1464,8,4591,0.6875,5.1404922674798526,1.0826980371711825e-05,0
1465,7,4593,0.6875,5.160026126714565,1.637171734570164e-05,0
1466,6,4596,0.6875,5.178416013925152,9.024239099381848e-06,0
1467,7,4600,0.6875,5.173913043478261,1.6714552095241404e-05,0
1468,7,4603,0.6875,5.170540951553335,1.895549469323616e-05,0
1469,7,4606,0.6875,5.167173252279635,1.6634646184425464e-05,0
1470,8,4608,0.6875,5.164930555555555,6.755068838982103e-06,0
1471,7,4610,0.6875,5.162689804772234,5.839769837581102e-06,0
1472,7,4613,0.6875,5.159332321699544,7.203923587493763e-06,0
1473,8,4616,0.6875,5.155979202772964,1.0103333462150799e-05,0
1474,8,4619,0.6875,5.152630439489067,3.079846482637359e-06,0
1475,8,4622,0.6875,5.149286023366508,1.744032008005922e-05,0
1476,8,4625,0.6875,5.145945945945947,9.392590128734888e-06,0
1477,7,4629,0.6875,5.14149924389717,1.4528906744014856e-05,0
1478,6,4632,0.6875,5.138169257340241,1.8951897983287642e-05,0
1479,8,4634,0.6875,5.13595166163142,2.1406657150184307e-05,0
1480,7,4638,0.6875,5.13152220784821,5.866317607128407e-06,0
1481,7,4641,0.6875,5.128205128205128,4.931837583224179e-06,0
1482,8,4643,0.6875,5.1259961231962095,2.1023548320276558e-05,0
1483,7,4646,0.6875,5.144210073181231,1.2966823748214413e-05,0
1484,8,4650,0.6875,5.139784946236559,4.028773990494139e-06,0
1485,6,4653,0.6875,5.157962604771115,1.568857734700768e-05,0
1486,7,4656,0.6875,5.154639175257731,2.7192006886534462e-06,0
1487,8,4659,0.6875,5.1513200257566,1.5420212668891525e-05,0
1488,7,4662,0.6875,5.148005148005148,6.687613325163793e-06,0
1489,5,4665,0.6875,5.144694533762058,1.9266510337558608e-05,0
1490,6,4668,0.6875,5.141388174807198,1.8740890462276557e-05,0
1491,8,4672,0.6875,5.136986301369863,2.0293753848123343e-05,0
1492,7,4675,0.6875,5.133689839572193,1.5307651206166723e-05,0
1493,7,4678,0.6875,5.1303976058144505,1.6124767972158845e-05,0
1494,8,4682,0.6875,5.126014523707817,9.954866515395605e-06,0
1495,8,4684,0.6875,5.123825789923143,4.144187770934146e-06,0
1496,7,4687,0.6875,5.12054619159377,1.4709118777367559e-05,0
1497,8,4690,0.6875,5.11727078891258,1.662083076456109e-05,0
1498,7,4694,0.6875,5.112910097997444,9.02849400676011e-06,0
1499,6,4698,0.6875,5.129842486164325,2.1520473773751692e-06,0
